date,open,high,low,close
2024-09-03 00:00:00,1.10673,1.10685,1.10648,1.1068
2024-09-03 00:15:00,1.10679,1.10689,1.10662,1.10678
2024-09-03 00:30:00,1.10678,1.1068,1.10626,1.10627
2024-09-03 00:45:00,1.10626,1.10637,1.10592,1.10607
2024-09-03 01:00:00,1.10607,1.10644,1.10601,1.10632
2024-09-03 01:15:00,1.10633,1.10654,1.10611,1.1062
2024-09-03 01:30:00,1.1062,1.10651,1.10612,1.1063
2024-09-03 01:45:00,1.10629,1.10684,1.10624,1.1067
2024-09-03 02:00:00,1.10671,1.10696,1.10662,1.10693
2024-09-03 02:15:00,1.10692,1.10704,1.10668,1.10671
2024-09-03 02:30:00,1.10672,1.10676,1.1066,1.1067
2024-09-03 02:45:00,1.1067,1.1068,1.10632,1.10638
2024-09-03 03:00:00,1.10638,1.10638,1.10591,1.10606
2024-09-03 03:15:00,1.10606,1.10607,1.10586,1.10588
2024-09-03 03:30:00,1.10588,1.10598,1.10576,1.10587
2024-09-03 03:45:00,1.10586,1.10602,1.10582,1.10582
2024-09-03 04:00:00,1.10582,1.1059,1.10545,1.10568
2024-09-03 04:15:00,1.10567,1.1058,1.10546,1.10548
2024-09-03 04:30:00,1.1055,1.10558,1.10542,1.10545
2024-09-03 04:45:00,1.10545,1.10564,1.10542,1.10543
2024-09-03 05:00:00,1.10543,1.10562,1.10541,1.10556
2024-09-03 05:15:00,1.10557,1.10574,1.10545,1.10553
2024-09-03 05:30:00,1.10553,1.1058,1.10541,1.10558
2024-09-03 05:45:00,1.10557,1.10601,1.10546,1.10597
2024-09-03 06:00:00,1.10598,1.10598,1.10545,1.10556
2024-09-03 06:15:00,1.10557,1.10574,1.10537,1.10562
2024-09-03 06:30:00,1.1056,1.10586,1.10512,1.10585
2024-09-03 06:45:00,1.10586,1.10617,1.10564,1.10617
2024-09-03 07:00:00,1.10617,1.10648,1.10573,1.10642
2024-09-03 07:15:00,1.10642,1.10679,1.1063,1.10646
2024-09-03 07:30:00,1.10646,1.10649,1.10602,1.10622
2024-09-03 07:45:00,1.10622,1.10644,1.10557,1.1056
2024-09-03 08:00:00,1.10559,1.10598,1.10541,1.10568
2024-09-03 08:15:00,1.10567,1.10596,1.10503,1.10512
2024-09-03 08:30:00,1.10513,1.10542,1.10499,1.10525
2024-09-03 08:45:00,1.10524,1.10534,1.10482,1.10487
2024-09-03 09:00:00,1.10486,1.10508,1.10343,1.10364
2024-09-03 09:15:00,1.10364,1.10391,1.1035,1.10388
2024-09-03 09:30:00,1.10388,1.1042,1.10374,1.1041
2024-09-03 09:45:00,1.1041,1.10421,1.10394,1.10402
2024-09-03 10:00:00,1.10402,1.10417,1.10362,1.10416
2024-09-03 10:15:00,1.10416,1.1042,1.10377,1.104
2024-09-03 10:30:00,1.104,1.104,1.10333,1.1037
2024-09-03 10:45:00,1.10369,1.104,1.10354,1.10358
2024-09-03 11:00:00,1.10358,1.10395,1.10338,1.10394
2024-09-03 11:15:00,1.10394,1.10405,1.10361,1.10382
2024-09-03 11:30:00,1.10382,1.1043,1.10379,1.10415
2024-09-03 11:45:00,1.10414,1.10414,1.1036,1.10365
2024-09-03 12:00:00,1.10364,1.10396,1.10337,1.10389
2024-09-03 12:15:00,1.10388,1.10398,1.10354,1.1039
2024-09-03 12:30:00,1.1039,1.10518,1.1039,1.10512
2024-09-03 12:45:00,1.10512,1.10528,1.10456,1.1048
2024-09-03 13:00:00,1.10481,1.10563,1.10481,1.1055
2024-09-03 13:15:00,1.1055,1.10627,1.10532,1.10625
2024-09-03 13:30:00,1.10625,1.10635,1.10566,1.1057
2024-09-03 13:45:00,1.1057,1.10628,1.10511,1.10622
2024-09-03 14:00:00,1.10621,1.10694,1.10488,1.10488
2024-09-03 14:15:00,1.10488,1.10507,1.10372,1.10392
2024-09-03 14:30:00,1.10392,1.10508,1.10382,1.10502
2024-09-03 14:45:00,1.10502,1.10552,1.10393,1.10422
2024-09-03 15:00:00,1.10422,1.10446,1.10365,1.10384
2024-09-03 15:15:00,1.10386,1.10411,1.10368,1.10401
2024-09-03 15:30:00,1.10402,1.1042,1.10365,1.10378
2024-09-03 15:45:00,1.10378,1.10436,1.10361,1.10425
2024-09-03 16:00:00,1.10425,1.1045,1.10395,1.10446
2024-09-03 16:15:00,1.10448,1.10473,1.10432,1.10445
2024-09-03 16:30:00,1.10446,1.10452,1.10405,1.10413
2024-09-03 16:45:00,1.10414,1.10416,1.10382,1.10393
2024-09-03 17:00:00,1.10394,1.10402,1.10332,1.1034
2024-09-03 17:15:00,1.1034,1.10382,1.10339,1.10362
2024-09-03 17:30:00,1.1036,1.1036,1.10334,1.10346
2024-09-03 17:45:00,1.10346,1.10354,1.10265,1.10282
2024-09-03 18:00:00,1.10281,1.10296,1.10266,1.10287
2024-09-03 18:15:00,1.10288,1.1033,1.10279,1.10319
2024-09-03 18:30:00,1.1032,1.1037,1.10311,1.10352
2024-09-03 18:45:00,1.10351,1.10394,1.1034,1.10383
2024-09-03 19:00:00,1.10382,1.1041,1.10375,1.10405
2024-09-03 19:15:00,1.10406,1.10422,1.104,1.10403
2024-09-03 19:30:00,1.10402,1.10416,1.10391,1.1041
2024-09-03 19:45:00,1.10411,1.10423,1.10405,1.10419
2024-09-03 20:00:00,1.1042,1.10429,1.10398,1.10404
2024-09-03 20:15:00,1.10402,1.10417,1.10399,1.10417
2024-09-03 20:30:00,1.10416,1.10439,1.10416,1.10435
2024-09-03 20:45:00,1.10434,1.10446,1.1042,1.10436
2024-09-03 21:00:00,1.10422,1.10436,1.10402,1.10412
2024-09-03 21:15:00,1.10412,1.10446,1.10408,1.10441
2024-09-03 21:30:00,1.10442,1.10453,1.10441,1.1045
2024-09-03 21:45:00,1.1045,1.10456,1.10443,1.10455
2024-09-03 22:00:00,1.10455,1.10456,1.10396,1.10426
2024-09-03 22:15:00,1.10424,1.10452,1.10422,1.10448
2024-09-03 22:30:00,1.10449,1.10468,1.10446,1.10464
2024-09-03 22:45:00,1.10463,1.10469,1.10456,1.10458
2024-09-03 23:00:00,1.10459,1.10472,1.10451,1.10454
2024-09-03 23:15:00,1.10455,1.10502,1.10452,1.10495
2024-09-03 23:30:00,1.10495,1.10499,1.10472,1.10483
2024-09-03 23:45:00,1.10482,1.10506,1.10474,1.10488
2024-09-04 00:00:00,1.10486,1.10509,1.10466,1.10478
2024-09-04 00:15:00,1.10478,1.10495,1.10466,1.10475
2024-09-04 00:30:00,1.10474,1.10515,1.1047,1.10491
2024-09-04 00:45:00,1.10491,1.10502,1.1047,1.10484
2024-09-04 01:00:00,1.10483,1.10501,1.10479,1.10484
2024-09-04 01:15:00,1.10483,1.10519,1.10477,1.10508
2024-09-04 01:30:00,1.10509,1.10545,1.10494,1.10536
2024-09-04 01:45:00,1.10538,1.10564,1.10512,1.10532
2024-09-04 02:00:00,1.10532,1.10544,1.10497,1.10543
2024-09-04 02:15:00,1.10542,1.1056,1.10531,1.10542
2024-09-04 02:30:00,1.10541,1.10564,1.10541,1.1055
2024-09-04 02:45:00,1.10549,1.10551,1.10521,1.10526
2024-09-04 03:00:00,1.10525,1.10554,1.10525,1.10546
2024-09-04 03:15:00,1.10546,1.10548,1.10524,1.10524
2024-09-04 03:30:00,1.10524,1.10534,1.10504,1.10534
2024-09-04 03:45:00,1.10533,1.10548,1.1052,1.10541
2024-09-04 04:00:00,1.1054,1.10555,1.10537,1.10548
2024-09-04 04:15:00,1.10546,1.10558,1.10542,1.10546
2024-09-04 04:30:00,1.10546,1.10565,1.10536,1.1056
2024-09-04 04:45:00,1.1056,1.10572,1.10551,1.10564
2024-09-04 05:00:00,1.10564,1.10582,1.10563,1.10572
2024-09-04 05:15:00,1.10572,1.10588,1.10563,1.10585
2024-09-04 05:30:00,1.10584,1.10601,1.10572,1.1058
2024-09-04 05:45:00,1.10579,1.10584,1.10546,1.1058
2024-09-04 06:00:00,1.10579,1.10581,1.10526,1.10527
2024-09-04 06:15:00,1.10528,1.10549,1.10476,1.10488
2024-09-04 06:30:00,1.10487,1.1055,1.10478,1.10539
2024-09-04 06:45:00,1.10538,1.10566,1.10524,1.10534
2024-09-04 07:00:00,1.10534,1.1058,1.1047,1.10574
2024-09-04 07:15:00,1.10574,1.10611,1.10555,1.10606
2024-09-04 07:30:00,1.10606,1.1063,1.10581,1.10614
2024-09-04 07:45:00,1.10613,1.10613,1.1055,1.10561
2024-09-04 08:00:00,1.1056,1.10567,1.10498,1.10512
2024-09-04 08:15:00,1.10512,1.1055,1.10501,1.10546
2024-09-04 08:30:00,1.10546,1.1059,1.1054,1.10568
2024-09-04 08:45:00,1.10566,1.10582,1.1051,1.10518
2024-09-04 09:00:00,1.10519,1.1054,1.10504,1.10532
2024-09-04 09:15:00,1.10532,1.10558,1.1051,1.1054
2024-09-04 09:30:00,1.1054,1.10588,1.1053,1.1057
2024-09-04 09:45:00,1.1057,1.10572,1.1053,1.10534
2024-09-04 10:00:00,1.10533,1.10535,1.1051,1.10529
2024-09-04 10:15:00,1.10529,1.10543,1.10516,1.1053
2024-09-04 10:30:00,1.1053,1.1056,1.10522,1.10528
2024-09-04 10:45:00,1.10528,1.10535,1.105,1.10532
2024-09-04 11:00:00,1.10532,1.1054,1.10476,1.10477
2024-09-04 11:15:00,1.10476,1.10524,1.10462,1.10522
2024-09-04 11:30:00,1.10522,1.10528,1.10458,1.10462
2024-09-04 11:45:00,1.10461,1.10507,1.10429,1.10505
2024-09-04 12:00:00,1.10505,1.1051,1.10474,1.10482
2024-09-04 12:15:00,1.10483,1.10492,1.104,1.1044
2024-09-04 12:30:00,1.10441,1.10499,1.1041,1.10496
2024-09-04 12:45:00,1.10497,1.10529,1.10458,1.10527
2024-09-04 13:00:00,1.10526,1.10564,1.10501,1.10512
2024-09-04 13:15:00,1.10513,1.10571,1.10513,1.10559
2024-09-04 13:30:00,1.1056,1.10585,1.10522,1.10529
2024-09-04 13:45:00,1.1053,1.10594,1.10514,1.10576
2024-09-04 14:00:00,1.10578,1.10864,1.10578,1.10672
2024-09-04 14:15:00,1.10674,1.10848,1.10669,1.10786
2024-09-04 14:30:00,1.10786,1.10923,1.10783,1.10868
2024-09-04 14:45:00,1.10869,1.10953,1.10836,1.109
2024-09-04 15:00:00,1.10899,1.1092,1.10776,1.10782
2024-09-04 15:15:00,1.10782,1.10834,1.10768,1.10802
2024-09-04 15:30:00,1.10802,1.10833,1.10768,1.10796
2024-09-04 15:45:00,1.10796,1.10812,1.10765,1.10811
2024-09-04 16:00:00,1.1081,1.1083,1.10783,1.10806
2024-09-04 16:15:00,1.10807,1.1086,1.1078,1.10852
2024-09-04 16:30:00,1.10852,1.10868,1.10781,1.10786
2024-09-04 16:45:00,1.10786,1.10855,1.1076,1.10846
2024-09-04 17:00:00,1.10846,1.10863,1.10776,1.10778
2024-09-04 17:15:00,1.10777,1.10783,1.10716,1.10716
2024-09-04 17:30:00,1.10715,1.10765,1.10703,1.10748
2024-09-04 17:45:00,1.10748,1.1076,1.1066,1.10664
2024-09-04 18:00:00,1.10664,1.1073,1.10655,1.10724
2024-09-04 18:15:00,1.10724,1.10745,1.10709,1.10712
2024-09-04 18:30:00,1.10713,1.10737,1.10702,1.10734
2024-09-04 18:45:00,1.10734,1.10769,1.10725,1.10762
2024-09-04 19:00:00,1.10763,1.10794,1.1075,1.10788
2024-09-04 19:15:00,1.10789,1.10826,1.10788,1.10813
2024-09-04 19:30:00,1.10814,1.10814,1.1078,1.10803
2024-09-04 19:45:00,1.10804,1.10827,1.10778,1.10783
2024-09-04 20:00:00,1.10782,1.10807,1.10757,1.10806
2024-09-04 20:15:00,1.10807,1.10815,1.10797,1.10803
2024-09-04 20:30:00,1.10802,1.10836,1.10798,1.10835
2024-09-04 20:45:00,1.10834,1.10838,1.10817,1.1083
2024-09-04 21:00:00,1.10835,1.10838,1.10829,1.10831
2024-09-04 21:15:00,1.10832,1.10834,1.1083,1.10832
2024-09-04 21:30:00,1.10832,1.10838,1.10826,1.10828
2024-09-04 21:45:00,1.10828,1.10836,1.10826,1.10836
2024-09-04 22:00:00,1.10835,1.10866,1.10828,1.10839
2024-09-04 22:15:00,1.10838,1.10848,1.10834,1.10837
2024-09-04 22:30:00,1.1084,1.10844,1.10834,1.10837
2024-09-04 22:45:00,1.10836,1.1085,1.10828,1.1085
2024-09-04 23:00:00,1.10851,1.10855,1.1082,1.10821
2024-09-04 23:15:00,1.10822,1.10822,1.10804,1.10816
2024-09-04 23:30:00,1.10816,1.10848,1.10816,1.10824
2024-09-04 23:45:00,1.10825,1.10827,1.10792,1.10803
2024-09-05 00:00:00,1.10802,1.10815,1.10797,1.10802
2024-09-05 00:15:00,1.10803,1.1082,1.10794,1.10798
2024-09-05 00:30:00,1.10798,1.10803,1.10759,1.10788
2024-09-05 00:45:00,1.10788,1.10803,1.10775,1.10794
2024-09-05 01:00:00,1.10794,1.1081,1.10776,1.10785
2024-09-05 01:15:00,1.10786,1.10857,1.10786,1.10818
2024-09-05 01:30:00,1.10818,1.10837,1.10801,1.1083
2024-09-05 01:45:00,1.10831,1.1084,1.10786,1.1079
2024-09-05 02:00:00,1.1079,1.10817,1.10784,1.10804
2024-09-05 02:15:00,1.10804,1.10816,1.1079,1.10806
2024-09-05 02:30:00,1.10806,1.10836,1.10806,1.10829
2024-09-05 02:45:00,1.10828,1.10832,1.10793,1.10799
2024-09-05 03:00:00,1.10798,1.10798,1.10769,1.10773
2024-09-05 03:15:00,1.10774,1.1078,1.10763,1.10775
2024-09-05 03:30:00,1.10776,1.10788,1.10764,1.10773
2024-09-05 03:45:00,1.10774,1.1078,1.10764,1.10771
2024-09-05 04:00:00,1.10772,1.10772,1.10752,1.10754
2024-09-05 04:15:00,1.10753,1.10762,1.10748,1.10758
2024-09-05 04:30:00,1.10758,1.10774,1.10753,1.10774
2024-09-05 04:45:00,1.10774,1.1078,1.10762,1.10771
2024-09-05 05:00:00,1.10768,1.1079,1.10768,1.10784
2024-09-05 05:15:00,1.10783,1.10797,1.10773,1.10796
2024-09-05 05:30:00,1.10797,1.108,1.10784,1.10796
2024-09-05 05:45:00,1.10796,1.10809,1.10786,1.10804
2024-09-05 06:00:00,1.10804,1.1084,1.10797,1.10828
2024-09-05 06:15:00,1.10829,1.10856,1.10816,1.10837
2024-09-05 06:30:00,1.10838,1.10864,1.10828,1.10858
2024-09-05 06:45:00,1.10858,1.10884,1.10833,1.10838
2024-09-05 07:00:00,1.10838,1.10887,1.10804,1.1086
2024-09-05 07:15:00,1.1086,1.10904,1.1081,1.10827
2024-09-05 07:30:00,1.10828,1.10855,1.10799,1.1083
2024-09-05 07:45:00,1.10831,1.10874,1.10818,1.10873
2024-09-05 08:00:00,1.10872,1.10945,1.10842,1.10928
2024-09-05 08:15:00,1.10929,1.11003,1.10922,1.1098
2024-09-05 08:30:00,1.1098,1.10982,1.10916,1.10963
2024-09-05 08:45:00,1.10963,1.11004,1.10963,1.10992
2024-09-05 09:00:00,1.1099,1.11007,1.10962,1.10988
2024-09-05 09:15:00,1.1099,1.10999,1.1096,1.10987
2024-09-05 09:30:00,1.10988,1.11004,1.10937,1.10956
2024-09-05 09:45:00,1.10957,1.10968,1.10928,1.10948
2024-09-05 10:00:00,1.10948,1.1096,1.10923,1.1094
2024-09-05 10:15:00,1.10939,1.1098,1.10938,1.10955
2024-09-05 10:30:00,1.10956,1.10985,1.10944,1.10971
2024-09-05 10:45:00,1.10972,1.10998,1.10968,1.10991
2024-09-05 11:00:00,1.1099,1.1102,1.10987,1.11017
2024-09-05 11:15:00,1.11016,1.11082,1.11013,1.11081
2024-09-05 11:30:00,1.11082,1.11084,1.10986,1.10988
2024-09-05 11:45:00,1.10988,1.10994,1.10931,1.10953
2024-09-05 12:00:00,1.10953,1.11032,1.1095,1.11016
2024-09-05 12:15:00,1.11016,1.11198,1.11016,1.11159
2024-09-05 12:30:00,1.1116,1.1116,1.10998,1.11006
2024-09-05 12:45:00,1.11007,1.11009,1.10872,1.10924
2024-09-05 13:00:00,1.10925,1.10986,1.10905,1.10955
2024-09-05 13:15:00,1.10954,1.1107,1.10938,1.11065
2024-09-05 13:30:00,1.11065,1.11084,1.11013,1.11066
2024-09-05 13:45:00,1.11063,1.1109,1.11006,1.11056
2024-09-05 14:00:00,1.11057,1.11057,1.10834,1.10918
2024-09-05 14:15:00,1.10918,1.10972,1.1086,1.1087
2024-09-05 14:30:00,1.1087,1.10904,1.10776,1.10794
2024-09-05 14:45:00,1.10794,1.1086,1.10764,1.10797
2024-09-05 15:00:00,1.10798,1.10856,1.10783,1.10851
2024-09-05 15:15:00,1.1085,1.10889,1.10815,1.10816
2024-09-05 15:30:00,1.10816,1.10897,1.10806,1.10883
2024-09-05 15:45:00,1.10884,1.10959,1.10872,1.10954
2024-09-05 16:00:00,1.10954,1.11027,1.10954,1.10967
2024-09-05 16:15:00,1.10968,1.11032,1.10968,1.11025
2024-09-05 16:30:00,1.11026,1.11055,1.11001,1.11022
2024-09-05 16:45:00,1.11021,1.11024,1.10992,1.1101
2024-09-05 17:00:00,1.11011,1.1106,1.11,1.11058
2024-09-05 17:15:00,1.11058,1.1107,1.11012,1.11014
2024-09-05 17:30:00,1.11014,1.11038,1.10996,1.11026
2024-09-05 17:45:00,1.11025,1.11075,1.1102,1.11069
2024-09-05 18:00:00,1.11069,1.11134,1.11069,1.11108
2024-09-05 18:15:00,1.11108,1.1111,1.1107,1.11084
2024-09-05 18:30:00,1.11082,1.11116,1.11069,1.11072
2024-09-05 18:45:00,1.11072,1.11076,1.11026,1.11042
2024-09-05 19:00:00,1.11042,1.11069,1.11037,1.11053
2024-09-05 19:15:00,1.11052,1.11054,1.11032,1.11049
2024-09-05 19:30:00,1.1105,1.11081,1.11036,1.11068
2024-09-05 19:45:00,1.1107,1.11075,1.1103,1.11038
2024-09-05 20:00:00,1.11038,1.11076,1.11038,1.11074
2024-09-05 20:15:00,1.11073,1.11113,1.11072,1.11103
2024-09-05 20:30:00,1.11104,1.11114,1.11099,1.11114
2024-09-05 20:45:00,1.11113,1.11114,1.11099,1.11109
2024-09-05 21:00:00,1.111,1.11106,1.111,1.11105
2024-09-05 21:15:00,1.11104,1.11116,1.111,1.11109
2024-09-05 21:30:00,1.11109,1.11118,1.11108,1.11117
2024-09-05 21:45:00,1.11118,1.11119,1.1109,1.11096
2024-09-05 22:00:00,1.11097,1.11112,1.11093,1.11107
2024-09-05 22:15:00,1.11108,1.11111,1.11101,1.11101
2024-09-05 22:30:00,1.11102,1.11102,1.1109,1.11094
2024-09-05 22:45:00,1.11094,1.11098,1.11087,1.11098
2024-09-05 23:00:00,1.11099,1.11108,1.11095,1.11101
2024-09-05 23:15:00,1.11101,1.11101,1.11087,1.11092
2024-09-05 23:30:00,1.11092,1.11122,1.11087,1.11122
2024-09-05 23:45:00,1.11121,1.11126,1.11107,1.11112
2024-08-18 22:00:00,1.10266,1.10344,1.10252,1.10304
2024-08-18 22:15:00,1.10303,1.10304,1.10252,1.10256
2024-08-18 22:30:00,1.10256,1.10272,1.10246,1.10246
2024-08-18 22:45:00,1.10246,1.1027,1.10246,1.10255
2024-08-18 23:00:00,1.10254,1.10263,1.10235,1.1024
2024-08-18 23:15:00,1.1024,1.10254,1.1023,1.10235
2024-08-18 23:30:00,1.10235,1.10236,1.10228,1.10233
2024-08-18 23:45:00,1.10234,1.10261,1.10232,1.10248
2024-08-19 00:00:00,1.1025,1.10265,1.10234,1.10261
2024-08-19 00:15:00,1.10261,1.10274,1.10239,1.10245
2024-08-19 00:30:00,1.10246,1.10305,1.10246,1.10303
2024-08-19 00:45:00,1.10304,1.10363,1.10298,1.10304
2024-08-19 01:00:00,1.10305,1.10305,1.1028,1.10281
2024-08-19 01:15:00,1.1028,1.10315,1.10278,1.1031
2024-08-19 01:30:00,1.10312,1.10336,1.10296,1.10296
2024-08-19 01:45:00,1.10296,1.10325,1.10289,1.10312
2024-08-19 02:00:00,1.10312,1.10315,1.10301,1.10307
2024-08-19 02:15:00,1.10308,1.10312,1.103,1.10302
2024-08-19 02:30:00,1.10302,1.10305,1.1029,1.10303
2024-08-19 02:45:00,1.10304,1.1032,1.10298,1.10308
2024-08-19 03:00:00,1.10309,1.10378,1.10301,1.10378
2024-08-19 03:15:00,1.10378,1.10397,1.10363,1.10368
2024-08-19 03:30:00,1.10368,1.10405,1.10368,1.104
2024-08-19 03:45:00,1.10399,1.10404,1.10384,1.10392
2024-08-19 04:00:00,1.10392,1.10402,1.10367,1.104
2024-08-19 04:15:00,1.10399,1.10402,1.10386,1.1039
2024-08-19 04:30:00,1.1039,1.10407,1.1038,1.10403
2024-08-19 04:45:00,1.10404,1.10419,1.10395,1.10398
2024-08-19 05:00:00,1.10398,1.10418,1.10398,1.10407
2024-08-19 05:15:00,1.10406,1.10438,1.10402,1.10413
2024-08-19 05:30:00,1.10414,1.1048,1.10412,1.1048
2024-08-19 05:45:00,1.1048,1.10491,1.10471,1.10476
2024-08-19 06:00:00,1.10476,1.10502,1.10451,1.10489
2024-08-19 06:15:00,1.10488,1.10491,1.10409,1.10414
2024-08-19 06:30:00,1.10413,1.10456,1.10411,1.1045
2024-08-19 06:45:00,1.1045,1.10473,1.10415,1.10423
2024-08-19 07:00:00,1.10422,1.10432,1.10405,1.10418
2024-08-19 07:15:00,1.10418,1.10458,1.10408,1.10429
2024-08-19 07:30:00,1.1043,1.10432,1.10409,1.10413
2024-08-19 07:45:00,1.10414,1.10473,1.10408,1.10428
2024-08-19 08:00:00,1.10429,1.10474,1.10413,1.10466
2024-08-19 08:15:00,1.10465,1.10506,1.10458,1.10484
2024-08-19 08:30:00,1.10485,1.10491,1.10369,1.1039
2024-08-19 08:45:00,1.10391,1.10402,1.10358,1.10374
2024-08-19 09:00:00,1.10373,1.10402,1.10359,1.10372
2024-08-19 09:15:00,1.10372,1.10382,1.10354,1.1038
2024-08-19 09:30:00,1.10381,1.10414,1.10378,1.10398
2024-08-19 09:45:00,1.10398,1.104,1.10346,1.10353
2024-08-19 10:00:00,1.10353,1.10364,1.10329,1.1033
2024-08-19 10:15:00,1.10329,1.1034,1.1031,1.1033
2024-08-19 10:30:00,1.1033,1.10374,1.1033,1.10368
2024-08-19 10:45:00,1.10368,1.10384,1.10352,1.1037
2024-08-19 11:00:00,1.1037,1.10386,1.10348,1.10354
2024-08-19 11:15:00,1.10355,1.1038,1.10338,1.10357
2024-08-19 11:30:00,1.10358,1.1036,1.10328,1.10352
2024-08-19 11:45:00,1.10353,1.10438,1.10352,1.10424
2024-08-19 12:00:00,1.10425,1.10445,1.10396,1.10413
2024-08-19 12:15:00,1.10414,1.10421,1.1038,1.1038
2024-08-19 12:30:00,1.1038,1.10384,1.10346,1.10366
2024-08-19 12:45:00,1.10366,1.10401,1.10357,1.1039
2024-08-19 13:00:00,1.1039,1.1039,1.10304,1.10343
2024-08-19 13:15:00,1.10343,1.10386,1.10336,1.10348
2024-08-19 13:30:00,1.10348,1.10354,1.10319,1.10338
2024-08-19 13:45:00,1.10338,1.10446,1.10336,1.10445
2024-08-19 14:00:00,1.10445,1.10546,1.10431,1.10536
2024-08-19 14:15:00,1.10535,1.10598,1.10483,1.10595
2024-08-19 14:30:00,1.10594,1.10729,1.10589,1.10694
2024-08-19 14:45:00,1.10693,1.10736,1.10646,1.10656
2024-08-19 15:00:00,1.10656,1.10695,1.10632,1.10676
2024-08-19 15:15:00,1.10676,1.10682,1.106,1.10627
2024-08-19 15:30:00,1.10628,1.10669,1.1062,1.10636
2024-08-19 15:45:00,1.10636,1.10722,1.10635,1.10692
2024-08-19 16:00:00,1.10693,1.10724,1.1069,1.10712
2024-08-19 16:15:00,1.10712,1.10714,1.10674,1.10704
2024-08-19 16:30:00,1.10704,1.10725,1.10691,1.10709
2024-08-19 16:45:00,1.10709,1.10742,1.10708,1.10737
2024-08-19 17:00:00,1.10736,1.1074,1.10709,1.10731
2024-08-19 17:15:00,1.1073,1.10732,1.1071,1.10712
2024-08-19 17:30:00,1.10712,1.10753,1.10706,1.1075
2024-08-19 17:45:00,1.10751,1.1077,1.10744,1.1077
2024-08-19 18:00:00,1.10771,1.10805,1.10765,1.10795
2024-08-19 18:15:00,1.10795,1.10838,1.10791,1.10838
2024-08-19 18:30:00,1.10838,1.1085,1.1083,1.10834
2024-08-19 18:45:00,1.10835,1.10838,1.10811,1.10817
2024-08-19 19:00:00,1.10817,1.10833,1.10791,1.10828
2024-08-19 19:15:00,1.10828,1.1086,1.10827,1.10854
2024-08-19 19:30:00,1.10853,1.10853,1.10826,1.10843
2024-08-19 19:45:00,1.10842,1.10865,1.1083,1.10838
2024-08-19 20:00:00,1.10837,1.10844,1.10819,1.10844
2024-08-19 20:15:00,1.10842,1.10847,1.10817,1.10829
2024-08-19 20:30:00,1.1083,1.10858,1.10826,1.1085
2024-08-19 20:45:00,1.1085,1.10862,1.10843,1.10854
2024-08-19 21:00:00,1.10827,1.10856,1.10827,1.10855
2024-08-19 21:15:00,1.10854,1.10858,1.10853,1.10855
2024-08-19 21:30:00,1.10855,1.10856,1.1083,1.10834
2024-08-19 21:45:00,1.10833,1.10842,1.10808,1.10842
2024-08-19 22:00:00,1.10842,1.10877,1.10841,1.10871
2024-08-19 22:15:00,1.10872,1.10873,1.10861,1.10862
2024-08-19 22:30:00,1.10863,1.10863,1.1084,1.1084
2024-08-19 22:45:00,1.1084,1.10855,1.10838,1.10854
2024-08-19 23:00:00,1.10855,1.10868,1.10846,1.10854
2024-08-19 23:15:00,1.10853,1.10854,1.10835,1.10838
2024-08-19 23:30:00,1.10838,1.10858,1.10837,1.10848
2024-08-19 23:45:00,1.10848,1.10868,1.10841,1.10857
2024-08-25 22:00:00,1.11914,1.11944,1.11886,1.119
2024-08-25 22:15:00,1.11899,1.11906,1.11868,1.11872
2024-08-25 22:30:00,1.11872,1.11914,1.1187,1.11914
2024-08-25 22:45:00,1.11914,1.11921,1.11886,1.11915
2024-08-25 23:00:00,1.11914,1.11926,1.11886,1.11904
2024-08-25 23:15:00,1.11904,1.1191,1.11885,1.11892
2024-08-25 23:30:00,1.11891,1.11901,1.11884,1.1189
2024-08-25 23:45:00,1.11891,1.11898,1.11864,1.11898
2024-08-26 00:00:00,1.11897,1.11915,1.1187,1.11896
2024-08-26 00:15:00,1.11896,1.11994,1.11896,1.11979
2024-08-26 00:30:00,1.11978,1.11994,1.11944,1.11968
2024-08-26 00:45:00,1.11968,1.12016,1.11936,1.11938
2024-08-26 01:00:00,1.11938,1.11998,1.11923,1.11993
2024-08-26 01:15:00,1.11994,1.12003,1.1197,1.1197
2024-08-26 01:30:00,1.1197,1.11976,1.11891,1.11893
2024-08-26 01:45:00,1.11892,1.11899,1.11875,1.11896
2024-08-26 02:00:00,1.11896,1.11922,1.11886,1.11915
2024-08-26 02:15:00,1.11916,1.1195,1.11899,1.11919
2024-08-26 02:30:00,1.1192,1.11926,1.11896,1.11922
2024-08-26 02:45:00,1.11922,1.11922,1.1186,1.11871
2024-08-26 03:00:00,1.1187,1.1188,1.11865,1.11875
2024-08-26 03:15:00,1.11875,1.1189,1.11862,1.11862
2024-08-26 03:30:00,1.11863,1.11863,1.11819,1.1183
2024-08-26 03:45:00,1.1183,1.11841,1.11818,1.11835
2024-08-26 04:00:00,1.11836,1.11864,1.11834,1.11848
2024-08-26 04:15:00,1.11848,1.11859,1.11827,1.11838
2024-08-26 04:30:00,1.11838,1.11852,1.11832,1.11834
2024-08-26 04:45:00,1.11833,1.1184,1.11824,1.11835
2024-08-26 05:00:00,1.11836,1.11854,1.1182,1.1184
2024-08-26 05:15:00,1.1184,1.11851,1.11834,1.11835
2024-08-26 05:30:00,1.11835,1.11838,1.11818,1.11818
2024-08-26 05:45:00,1.11819,1.11822,1.11778,1.11794
2024-08-26 06:00:00,1.11793,1.11844,1.11793,1.11823
2024-08-26 06:15:00,1.11824,1.11841,1.1181,1.11836
2024-08-26 06:30:00,1.11836,1.11894,1.11832,1.11889
2024-08-26 06:45:00,1.11889,1.11889,1.11802,1.11802
2024-08-26 07:00:00,1.11802,1.11848,1.11774,1.11812
2024-08-26 07:15:00,1.11812,1.11815,1.1177,1.11772
2024-08-26 07:30:00,1.11773,1.11813,1.1176,1.11772
2024-08-26 07:45:00,1.11771,1.11811,1.11763,1.11809
2024-08-26 08:00:00,1.1181,1.11837,1.11764,1.11818
2024-08-26 08:15:00,1.11818,1.11849,1.11792,1.11826
2024-08-26 08:30:00,1.11826,1.11836,1.11794,1.11805
2024-08-26 08:45:00,1.11804,1.11825,1.11796,1.11806
2024-08-26 09:00:00,1.11806,1.11816,1.1179,1.11794
2024-08-26 09:15:00,1.11795,1.1182,1.11781,1.1182
2024-08-26 09:30:00,1.11819,1.11828,1.11807,1.11827
2024-08-26 09:45:00,1.11826,1.11826,1.11716,1.11746
2024-08-26 10:00:00,1.11745,1.1175,1.11695,1.1175
2024-08-26 10:15:00,1.1175,1.11769,1.11723,1.11767
2024-08-26 10:30:00,1.11766,1.11767,1.11712,1.11729
2024-08-26 10:45:00,1.11728,1.1173,1.11694,1.11716
2024-08-26 11:00:00,1.11717,1.11736,1.11695,1.11698
2024-08-26 11:15:00,1.11697,1.11711,1.11646,1.11659
2024-08-26 11:30:00,1.11658,1.11686,1.11633,1.11645
2024-08-26 11:45:00,1.11644,1.11684,1.11632,1.11649
2024-08-26 12:00:00,1.1165,1.11671,1.11628,1.11638
2024-08-26 12:15:00,1.11637,1.11687,1.11635,1.11652
2024-08-26 12:30:00,1.11652,1.11667,1.11586,1.116
2024-08-26 12:45:00,1.116,1.11661,1.11591,1.11615
2024-08-26 13:00:00,1.11614,1.11617,1.11501,1.1158
2024-08-26 13:15:00,1.11578,1.11619,1.1153,1.1161
2024-08-26 13:30:00,1.1161,1.11623,1.1153,1.11546
2024-08-26 13:45:00,1.11546,1.11627,1.11543,1.11587
2024-08-26 14:00:00,1.11588,1.1166,1.1154,1.11649
2024-08-26 14:15:00,1.1165,1.11705,1.11636,1.11702
2024-08-26 14:30:00,1.11704,1.11788,1.11696,1.11764
2024-08-26 14:45:00,1.11764,1.1179,1.11744,1.11765
2024-08-26 15:00:00,1.11764,1.1177,1.11694,1.11713
2024-08-26 15:15:00,1.11714,1.11719,1.11662,1.11672
2024-08-26 15:30:00,1.11671,1.11694,1.11652,1.11671
2024-08-26 15:45:00,1.11672,1.11692,1.11636,1.11637
2024-08-26 16:00:00,1.11636,1.1165,1.11598,1.1161
2024-08-26 16:15:00,1.11611,1.11666,1.1161,1.11647
2024-08-26 16:30:00,1.11648,1.11677,1.11641,1.11676
2024-08-26 16:45:00,1.11676,1.11722,1.11674,1.11713
2024-08-26 17:00:00,1.11712,1.11755,1.1171,1.1175
2024-08-26 17:15:00,1.1175,1.1175,1.11721,1.11734
2024-08-26 17:30:00,1.11734,1.11743,1.11695,1.11701
2024-08-26 17:45:00,1.117,1.11714,1.11679,1.117
2024-08-26 18:00:00,1.11699,1.11714,1.1165,1.1167
2024-08-26 18:15:00,1.1167,1.11692,1.11665,1.1167
2024-08-26 18:30:00,1.1167,1.11672,1.11596,1.11604
2024-08-26 18:45:00,1.11603,1.1164,1.11602,1.11636
2024-08-26 19:00:00,1.11636,1.11657,1.11613,1.11616
2024-08-26 19:15:00,1.11615,1.1163,1.11606,1.1162
2024-08-26 19:30:00,1.1162,1.1163,1.11605,1.11606
2024-08-26 19:45:00,1.11605,1.11622,1.11588,1.11596
2024-08-26 20:00:00,1.11597,1.1161,1.11587,1.11605
2024-08-26 20:15:00,1.11606,1.11615,1.116,1.11615
2024-08-26 20:30:00,1.11615,1.11616,1.11598,1.11608
2024-08-26 20:45:00,1.11607,1.11614,1.11605,1.11612
2024-08-26 21:00:00,1.11618,1.11636,1.11615,1.1163
2024-08-26 21:15:00,1.1163,1.11637,1.11605,1.11622
2024-08-26 21:30:00,1.11623,1.11624,1.1162,1.1162
2024-08-26 21:45:00,1.11619,1.1162,1.11609,1.11609
2024-08-26 22:00:00,1.11608,1.11636,1.11606,1.11626
2024-08-26 22:15:00,1.11627,1.11634,1.11621,1.11634
2024-08-26 22:30:00,1.11634,1.1164,1.11629,1.11631
2024-08-26 22:45:00,1.1163,1.11635,1.11622,1.1163
2024-08-26 23:00:00,1.11631,1.1167,1.11631,1.11666
2024-08-26 23:15:00,1.11667,1.1167,1.11658,1.1166
2024-08-26 23:30:00,1.11661,1.11663,1.11648,1.11655
2024-08-26 23:45:00,1.11655,1.11659,1.11644,1.11646
2024-08-27 00:00:00,1.11648,1.11656,1.11624,1.11626
2024-08-27 00:15:00,1.11625,1.11658,1.11624,1.11642
2024-08-27 00:30:00,1.11643,1.11652,1.11602,1.11608
2024-08-27 00:45:00,1.11608,1.11619,1.11597,1.11612
2024-08-27 01:00:00,1.11612,1.11644,1.11599,1.1162
2024-08-27 01:15:00,1.11619,1.11681,1.11613,1.11679
2024-08-27 01:30:00,1.11679,1.11696,1.11654,1.11694
2024-08-27 01:45:00,1.11694,1.11708,1.11689,1.11694
2024-08-27 02:00:00,1.11694,1.11705,1.11662,1.11676
2024-08-27 02:15:00,1.11676,1.11694,1.1166,1.11665
2024-08-27 02:30:00,1.11664,1.1167,1.11644,1.1165
2024-08-27 02:45:00,1.1165,1.11684,1.1165,1.11684
2024-08-27 03:00:00,1.11683,1.11691,1.11681,1.1169
2024-08-27 03:15:00,1.1169,1.1169,1.11653,1.1166
2024-08-27 03:30:00,1.1166,1.11676,1.11656,1.11665
2024-08-27 03:45:00,1.11666,1.11671,1.11652,1.1167
2024-08-27 04:00:00,1.1167,1.11686,1.1167,1.1168
2024-08-27 04:15:00,1.11679,1.11682,1.11671,1.1168
2024-08-27 04:30:00,1.11681,1.11696,1.11675,1.11676
2024-08-27 04:45:00,1.11676,1.11691,1.11675,1.11686
2024-08-27 05:00:00,1.11685,1.11725,1.11685,1.1171
2024-08-27 05:15:00,1.1171,1.11711,1.11692,1.11699
2024-08-27 05:30:00,1.117,1.11706,1.11666,1.11668
2024-08-27 05:45:00,1.11668,1.11678,1.11648,1.11669
2024-08-27 06:00:00,1.11668,1.11691,1.11652,1.11672
2024-08-27 06:15:00,1.11672,1.11715,1.1166,1.1169
2024-08-27 06:30:00,1.11689,1.11694,1.11643,1.11644
2024-08-27 06:45:00,1.11643,1.11667,1.11615,1.11619
2024-08-27 07:00:00,1.11618,1.1169,1.11618,1.11679
2024-08-27 07:15:00,1.11679,1.11728,1.11666,1.11676
2024-08-27 07:30:00,1.11676,1.11706,1.11638,1.11647
2024-08-27 07:45:00,1.11648,1.11686,1.1164,1.11642
2024-08-27 08:00:00,1.11641,1.11707,1.11622,1.11685
2024-08-27 08:15:00,1.11684,1.11738,1.11679,1.11722
2024-08-27 08:30:00,1.11722,1.11741,1.11706,1.11732
2024-08-27 08:45:00,1.11734,1.11738,1.11668,1.11668
2024-08-27 09:00:00,1.11668,1.11736,1.11664,1.11735
2024-08-27 09:15:00,1.11735,1.11788,1.11695,1.11714
2024-08-27 09:30:00,1.11714,1.11747,1.11708,1.11722
2024-08-27 09:45:00,1.11722,1.11724,1.11682,1.11684
2024-08-27 10:00:00,1.11683,1.11701,1.11663,1.11666
2024-08-27 10:15:00,1.11665,1.11691,1.11637,1.11637
2024-08-27 10:30:00,1.11637,1.1165,1.1162,1.11638
2024-08-27 10:45:00,1.1164,1.11669,1.11634,1.11661
2024-08-27 11:00:00,1.11662,1.11678,1.11626,1.11662
2024-08-27 11:15:00,1.11663,1.11698,1.1165,1.11698
2024-08-27 11:30:00,1.11698,1.11699,1.11633,1.11649
2024-08-27 11:45:00,1.1165,1.11668,1.11607,1.11608
2024-08-27 12:00:00,1.11608,1.1165,1.1159,1.11594
2024-08-27 12:15:00,1.11594,1.11598,1.11536,1.11548
2024-08-27 12:30:00,1.11548,1.11587,1.115,1.11557
2024-08-27 12:45:00,1.11557,1.11611,1.11533,1.11587
2024-08-27 13:00:00,1.11586,1.1163,1.1158,1.1161
2024-08-27 13:15:00,1.11609,1.1164,1.11562,1.11564
2024-08-27 13:30:00,1.11564,1.1159,1.11528,1.11534
2024-08-27 13:45:00,1.11534,1.11699,1.11534,1.11684
2024-08-27 14:00:00,1.11685,1.1172,1.1163,1.1165
2024-08-27 14:15:00,1.1165,1.11708,1.11642,1.11701
2024-08-27 14:30:00,1.11702,1.1171,1.11636,1.11686
2024-08-27 14:45:00,1.11686,1.11708,1.11642,1.11662
2024-08-27 15:00:00,1.11663,1.117,1.11646,1.11668
2024-08-27 15:15:00,1.11667,1.11672,1.1162,1.11634
2024-08-27 15:30:00,1.11635,1.11642,1.11593,1.1161
2024-08-27 15:45:00,1.1161,1.1163,1.11588,1.11599
2024-08-27 16:00:00,1.116,1.11666,1.11596,1.11658
2024-08-27 16:15:00,1.11658,1.11679,1.11615,1.11651
2024-08-27 16:30:00,1.1165,1.11655,1.11636,1.11644
2024-08-27 16:45:00,1.11643,1.11667,1.11633,1.11659
2024-08-27 17:00:00,1.1166,1.11761,1.11646,1.1176
2024-08-27 17:15:00,1.1176,1.11816,1.11756,1.11788
2024-08-27 17:30:00,1.11788,1.11798,1.11764,1.11788
2024-08-27 17:45:00,1.11788,1.11827,1.1177,1.11815
2024-08-27 18:00:00,1.11815,1.11876,1.11802,1.11866
2024-08-27 18:15:00,1.11866,1.11895,1.11855,1.1188
2024-08-27 18:30:00,1.11881,1.11888,1.11855,1.11874
2024-08-27 18:45:00,1.11873,1.11907,1.11854,1.1186
2024-08-27 19:00:00,1.1186,1.1186,1.11814,1.11826
2024-08-27 19:15:00,1.11826,1.11838,1.11818,1.11832
2024-08-27 19:30:00,1.11831,1.11846,1.11817,1.11837
2024-08-27 19:45:00,1.11837,1.11846,1.11832,1.11844
2024-08-27 20:00:00,1.11845,1.11856,1.11828,1.11839
2024-08-27 20:15:00,1.1184,1.11855,1.11839,1.1185
2024-08-27 20:30:00,1.11849,1.1186,1.11845,1.11851
2024-08-27 20:45:00,1.11851,1.11855,1.1184,1.11844
2024-08-27 21:00:00,1.11826,1.11839,1.11812,1.11835
2024-08-27 21:15:00,1.11832,1.11855,1.11818,1.11838
2024-08-27 21:30:00,1.11839,1.11856,1.11838,1.11855
2024-08-27 21:45:00,1.11854,1.11855,1.11838,1.11838
2024-08-27 22:00:00,1.11838,1.11852,1.11838,1.11844
2024-08-27 22:15:00,1.11844,1.11844,1.11834,1.1184
2024-08-27 22:30:00,1.1184,1.11846,1.11838,1.11846
2024-08-27 22:45:00,1.11845,1.11851,1.11839,1.1184
2024-08-27 23:00:00,1.1184,1.11848,1.11835,1.11836
2024-08-27 23:15:00,1.11836,1.1184,1.11825,1.11836
2024-08-27 23:30:00,1.11836,1.11841,1.11798,1.11798
2024-08-27 23:45:00,1.11798,1.11806,1.11748,1.11772
2024-09-06 00:00:00,1.11112,1.11126,1.11102,1.11111
2024-09-06 00:15:00,1.11111,1.11118,1.11098,1.11105
2024-09-06 00:30:00,1.11106,1.11125,1.11101,1.11107
2024-09-06 00:45:00,1.11108,1.11148,1.11099,1.11135
2024-09-06 01:00:00,1.11134,1.11141,1.11102,1.11103
2024-09-06 01:15:00,1.11102,1.1114,1.111,1.11124
2024-09-06 01:30:00,1.11124,1.11124,1.11104,1.11123
2024-09-06 01:45:00,1.11122,1.11134,1.11101,1.11109
2024-09-06 02:00:00,1.11108,1.1112,1.11101,1.11112
2024-09-06 02:15:00,1.11113,1.11129,1.11112,1.11124
2024-09-06 02:30:00,1.11122,1.11127,1.11098,1.1111
2024-09-06 02:45:00,1.1111,1.11114,1.11094,1.11112
2024-09-06 03:00:00,1.11112,1.11135,1.11111,1.11132
2024-09-06 03:15:00,1.11132,1.11144,1.11123,1.11138
2024-09-06 03:30:00,1.11139,1.1116,1.11137,1.11155
2024-09-06 03:45:00,1.11154,1.11164,1.11146,1.11154
2024-09-06 04:00:00,1.11153,1.1117,1.1114,1.11162
2024-09-06 04:15:00,1.11163,1.1117,1.11158,1.11168
2024-09-06 04:30:00,1.11168,1.11172,1.11154,1.11164
2024-09-06 04:45:00,1.11164,1.11177,1.11154,1.1116
2024-09-06 05:00:00,1.1116,1.11188,1.11157,1.1118
2024-09-06 05:15:00,1.11179,1.11184,1.11166,1.11174
2024-09-06 05:30:00,1.11174,1.11174,1.11141,1.11162
2024-09-06 05:45:00,1.11162,1.11175,1.11145,1.11171
2024-09-06 06:00:00,1.11172,1.11198,1.11143,1.11198
2024-09-06 06:15:00,1.11196,1.11199,1.11166,1.11178
2024-09-06 06:30:00,1.11177,1.1118,1.1115,1.11176
2024-09-06 06:45:00,1.11178,1.1121,1.1116,1.11208
2024-09-06 07:00:00,1.11208,1.11208,1.11177,1.11178
2024-09-06 07:15:00,1.11178,1.11202,1.11147,1.11188
2024-09-06 07:30:00,1.11188,1.1119,1.11111,1.11124
2024-09-06 07:45:00,1.11124,1.11161,1.1111,1.1116
2024-09-06 08:00:00,1.1116,1.11189,1.11138,1.11144
2024-09-06 08:15:00,1.11144,1.11175,1.1113,1.11163
2024-09-06 08:30:00,1.11163,1.11184,1.11155,1.11168
2024-09-06 08:45:00,1.11166,1.1121,1.11153,1.11175
2024-09-06 09:00:00,1.11175,1.11175,1.11086,1.11089
2024-09-06 09:15:00,1.11088,1.11119,1.11078,1.11082
2024-09-06 09:30:00,1.11083,1.11113,1.11076,1.11089
2024-09-06 09:45:00,1.11088,1.11136,1.11082,1.11134
2024-09-06 10:00:00,1.11134,1.11139,1.111,1.11128
2024-09-06 10:15:00,1.11128,1.1113,1.1107,1.11084
2024-09-06 10:30:00,1.11085,1.11109,1.11074,1.11095
2024-09-06 10:45:00,1.11096,1.11109,1.1107,1.11076
2024-09-06 11:00:00,1.11076,1.11099,1.11056,1.11071
2024-09-06 11:15:00,1.11072,1.11084,1.11042,1.11058
2024-09-06 11:30:00,1.11056,1.11081,1.11028,1.11075
2024-09-06 11:45:00,1.11074,1.11086,1.11053,1.11071
2024-09-06 12:00:00,1.11072,1.11079,1.1101,1.11034
2024-09-06 12:15:00,1.11035,1.11106,1.11013,1.1109
2024-09-06 12:30:00,1.11089,1.11557,1.10755,1.11343
2024-09-06 12:45:00,1.11344,1.11363,1.11179,1.11211
2024-09-06 13:00:00,1.11212,1.11257,1.11032,1.11071
2024-09-06 13:15:00,1.1107,1.11087,1.10882,1.10954
2024-09-06 13:30:00,1.10955,1.11008,1.1074,1.10742
2024-09-06 13:45:00,1.1074,1.10839,1.10658,1.10836
2024-09-06 14:00:00,1.10836,1.10916,1.10734,1.10888
2024-09-06 14:15:00,1.10889,1.10963,1.1084,1.10874
2024-09-06 14:30:00,1.10874,1.11134,1.10818,1.11051
2024-09-06 14:45:00,1.11051,1.11104,1.10978,1.11022
2024-09-06 15:00:00,1.11022,1.11353,1.10844,1.10968
2024-09-06 15:15:00,1.10968,1.11086,1.10943,1.11058
2024-09-06 15:30:00,1.11059,1.11062,1.10896,1.10917
2024-09-06 15:45:00,1.10918,1.10942,1.10832,1.10858
2024-09-06 16:00:00,1.10856,1.10858,1.10758,1.1076
2024-09-06 16:15:00,1.10758,1.1079,1.10712,1.10785
2024-09-06 16:30:00,1.10786,1.10813,1.10711,1.10727
2024-09-06 16:45:00,1.10728,1.10784,1.10699,1.1077
2024-09-06 17:00:00,1.1077,1.10806,1.10697,1.10798
2024-09-06 17:15:00,1.10799,1.10895,1.10799,1.10873
2024-09-06 17:30:00,1.10873,1.10874,1.10812,1.10827
2024-09-06 17:45:00,1.10828,1.1087,1.10803,1.10848
2024-09-06 18:00:00,1.10849,1.10869,1.10783,1.10827
2024-09-06 18:15:00,1.10828,1.10862,1.1081,1.10861
2024-09-06 18:30:00,1.10862,1.1087,1.108,1.10826
2024-09-06 18:45:00,1.10826,1.1087,1.10812,1.10864
2024-09-06 19:00:00,1.10863,1.10864,1.10824,1.10856
2024-09-06 19:15:00,1.10856,1.10896,1.10842,1.10894
2024-09-06 19:30:00,1.10893,1.10895,1.10863,1.10873
2024-09-06 19:45:00,1.10872,1.10894,1.10861,1.10886
2024-09-06 20:00:00,1.10887,1.1089,1.10861,1.1087
2024-09-06 20:15:00,1.10871,1.10883,1.10866,1.10871
2024-09-06 20:30:00,1.10872,1.10874,1.10848,1.10856
2024-09-06 20:45:00,1.10858,1.10869,1.1085,1.10863
2024-09-06 21:00:00,1.10831,1.10848,1.10831,1.1084
2024-09-06 21:15:00,1.10839,1.10852,1.10827,1.10845
2024-09-06 21:30:00,1.10844,1.10844,1.10841,1.10843
2024-09-06 21:45:00,1.10844,1.10844,1.10835,1.10842
2024-09-08 22:00:00,1.10839,1.10893,1.10838,1.1088
2024-09-08 22:15:00,1.10879,1.10886,1.10867,1.10878
2024-09-08 22:30:00,1.10878,1.10901,1.10877,1.10894
2024-09-08 22:45:00,1.10894,1.10906,1.10869,1.10869
2024-09-08 23:00:00,1.1087,1.10899,1.1087,1.10891
2024-09-08 23:15:00,1.10891,1.10905,1.10885,1.10904
2024-09-08 23:30:00,1.10904,1.10909,1.10895,1.10909
2024-09-08 23:45:00,1.1091,1.10912,1.10866,1.10868
2024-09-09 00:00:00,1.10866,1.10897,1.10852,1.10887
2024-09-09 00:15:00,1.10888,1.10912,1.10866,1.10868
2024-09-09 00:30:00,1.10867,1.10891,1.10847,1.10848
2024-09-09 00:45:00,1.10848,1.10862,1.10826,1.10835
2024-09-09 01:00:00,1.10835,1.10912,1.10834,1.109
2024-09-09 01:15:00,1.109,1.10904,1.10861,1.10875
2024-09-09 01:30:00,1.10876,1.10878,1.1083,1.1084
2024-09-09 01:45:00,1.10839,1.10852,1.10815,1.10823
2024-09-09 02:00:00,1.10824,1.10831,1.1081,1.10826
2024-09-09 02:15:00,1.10826,1.10826,1.10806,1.10817
2024-09-09 02:30:00,1.10816,1.10834,1.10812,1.10817
2024-09-09 02:45:00,1.10817,1.10828,1.10806,1.10808
2024-09-09 03:00:00,1.10808,1.10812,1.10789,1.10798
2024-09-09 03:15:00,1.10798,1.10817,1.10796,1.10815
2024-09-09 03:30:00,1.10814,1.10817,1.10794,1.10796
2024-09-09 03:45:00,1.10797,1.1082,1.1079,1.108
2024-09-09 04:00:00,1.108,1.10804,1.10787,1.10792
2024-09-09 04:15:00,1.10792,1.10804,1.10786,1.10794
2024-09-09 04:30:00,1.10795,1.10802,1.10758,1.10764
2024-09-09 04:45:00,1.10764,1.10769,1.10748,1.10758
2024-09-09 05:00:00,1.10758,1.1076,1.10736,1.10747
2024-09-09 05:15:00,1.10746,1.10753,1.1073,1.10731
2024-09-09 05:30:00,1.10732,1.10736,1.10705,1.10712
2024-09-09 05:45:00,1.10712,1.10719,1.10691,1.10691
2024-09-09 06:00:00,1.10692,1.1072,1.10678,1.10706
2024-09-09 06:15:00,1.10707,1.10712,1.1065,1.10677
2024-09-09 06:30:00,1.10676,1.10703,1.10656,1.10697
2024-09-09 06:45:00,1.10698,1.10704,1.10607,1.10646
2024-09-09 07:00:00,1.10647,1.10664,1.10552,1.10558
2024-09-09 07:15:00,1.10558,1.10622,1.1055,1.10593
2024-09-09 07:30:00,1.10594,1.10614,1.10568,1.10606
2024-09-09 07:45:00,1.10607,1.10641,1.1059,1.10594
2024-09-09 08:00:00,1.10593,1.10626,1.10546,1.10554
2024-09-09 08:15:00,1.10554,1.10554,1.10456,1.10482
2024-09-09 08:30:00,1.10483,1.10501,1.10467,1.10486
2024-09-09 08:45:00,1.10485,1.10514,1.10472,1.10478
2024-09-09 09:00:00,1.10477,1.10538,1.10458,1.10527
2024-09-09 09:15:00,1.10526,1.10545,1.10512,1.1053
2024-09-09 09:30:00,1.10529,1.10582,1.10511,1.10572
2024-09-09 09:45:00,1.10572,1.10592,1.10558,1.10563
2024-09-09 10:00:00,1.10563,1.10569,1.10476,1.10488
2024-09-09 10:15:00,1.10487,1.10496,1.1042,1.10424
2024-09-09 10:30:00,1.10424,1.10424,1.10371,1.10395
2024-09-09 10:45:00,1.10394,1.10426,1.10383,1.10403
2024-09-09 11:00:00,1.10402,1.10452,1.10402,1.1044
2024-09-09 11:15:00,1.10439,1.10446,1.10382,1.10384
2024-09-09 11:30:00,1.10384,1.10437,1.10359,1.10422
2024-09-09 11:45:00,1.1042,1.1045,1.104,1.1045
2024-09-09 12:00:00,1.10449,1.10449,1.10405,1.10434
2024-09-09 12:15:00,1.10435,1.10442,1.10405,1.10423
2024-09-09 12:30:00,1.10422,1.10491,1.10418,1.1045
2024-09-09 12:45:00,1.1045,1.10462,1.10382,1.10398
2024-09-09 13:00:00,1.10397,1.10505,1.10395,1.105
2024-09-09 13:15:00,1.10499,1.10523,1.10488,1.10498
2024-09-09 13:30:00,1.10496,1.10508,1.10421,1.10448
2024-09-09 13:45:00,1.10448,1.10494,1.10433,1.1047
2024-09-09 14:00:00,1.1047,1.10472,1.10348,1.10382
2024-09-09 14:15:00,1.10382,1.10455,1.10368,1.10424
2024-09-09 14:30:00,1.10425,1.10432,1.10346,1.10354
2024-09-09 14:45:00,1.10353,1.10438,1.10342,1.10422
2024-09-09 15:00:00,1.10422,1.10446,1.10386,1.10414
2024-09-09 15:15:00,1.10415,1.10448,1.10368,1.10368
2024-09-09 15:30:00,1.10368,1.10418,1.10356,1.10411
2024-09-09 15:45:00,1.10412,1.1045,1.10407,1.10417
2024-09-09 16:00:00,1.10416,1.10465,1.10416,1.10451
2024-09-09 16:15:00,1.1045,1.10488,1.10446,1.10481
2024-09-09 16:30:00,1.10482,1.10501,1.10471,1.10488
2024-09-09 16:45:00,1.10489,1.1051,1.10476,1.10489
2024-09-09 17:00:00,1.1049,1.10538,1.10484,1.10532
2024-09-09 17:15:00,1.10532,1.10538,1.10514,1.1052
2024-09-09 17:30:00,1.10519,1.10532,1.1048,1.10486
2024-09-09 17:45:00,1.10487,1.10494,1.10436,1.10437
2024-09-09 18:00:00,1.10436,1.10448,1.10416,1.10427
2024-09-09 18:15:00,1.10427,1.10455,1.10427,1.10442
2024-09-09 18:30:00,1.10442,1.10458,1.10427,1.10447
2024-09-09 18:45:00,1.10448,1.10466,1.10424,1.10431
2024-09-09 19:00:00,1.1043,1.10432,1.10398,1.10416
2024-09-09 19:15:00,1.10416,1.10422,1.10396,1.104
2024-09-09 19:30:00,1.10399,1.10405,1.10383,1.104
2024-09-09 19:45:00,1.104,1.10405,1.10376,1.10384
2024-09-09 20:00:00,1.10384,1.10394,1.10364,1.10392
2024-09-09 20:15:00,1.10392,1.10394,1.10378,1.10386
2024-09-09 20:30:00,1.10384,1.10388,1.10374,1.10375
2024-09-09 20:45:00,1.10376,1.10376,1.10338,1.10352
2024-09-09 21:00:00,1.10382,1.10386,1.10361,1.10374
2024-09-09 21:15:00,1.10374,1.10375,1.10355,1.10363
2024-09-09 21:30:00,1.10363,1.1037,1.10362,1.10369
2024-09-09 21:45:00,1.1037,1.10383,1.10368,1.10376
2024-09-09 22:00:00,1.10377,1.10396,1.10358,1.10388
2024-09-09 22:15:00,1.10388,1.10392,1.1038,1.10384
2024-09-09 22:30:00,1.10384,1.10399,1.10384,1.10391
2024-09-09 22:45:00,1.1039,1.1039,1.10375,1.10378
2024-09-09 23:00:00,1.10378,1.10382,1.10372,1.10374
2024-09-09 23:15:00,1.10374,1.1038,1.10365,1.10375
2024-09-09 23:30:00,1.10376,1.10384,1.10374,1.1038
2024-09-09 23:45:00,1.10379,1.10379,1.10347,1.10355
2024-09-10 00:00:00,1.10354,1.10354,1.10314,1.10329
2024-09-10 00:15:00,1.1033,1.10334,1.10285,1.10298
2024-09-10 00:30:00,1.10296,1.1033,1.10293,1.1033
2024-09-10 00:45:00,1.10329,1.1033,1.10309,1.10309
2024-09-10 01:00:00,1.10309,1.10338,1.10308,1.10328
2024-09-10 01:15:00,1.10328,1.10334,1.10318,1.10328
2024-09-10 01:30:00,1.10328,1.1034,1.10318,1.10332
2024-09-10 01:45:00,1.10331,1.10356,1.10328,1.1035
2024-09-10 02:00:00,1.10354,1.10362,1.10328,1.10334
2024-09-10 02:15:00,1.10335,1.1035,1.10332,1.10344
2024-09-10 02:30:00,1.10344,1.10363,1.10343,1.10348
2024-09-10 02:45:00,1.10348,1.10358,1.10342,1.10349
2024-09-10 03:00:00,1.10355,1.10367,1.10354,1.10365
2024-09-10 03:15:00,1.10364,1.10384,1.10364,1.10372
2024-09-10 03:30:00,1.10372,1.10388,1.10367,1.10378
2024-09-10 03:45:00,1.10378,1.10392,1.10378,1.10386
2024-09-10 04:00:00,1.10386,1.10392,1.10361,1.10372
2024-09-10 04:15:00,1.10373,1.10379,1.10369,1.10374
2024-09-10 04:30:00,1.10374,1.104,1.10374,1.10399
2024-09-10 04:45:00,1.104,1.10407,1.10396,1.10402
2024-09-10 05:00:00,1.10401,1.10404,1.10384,1.10398
2024-09-10 05:15:00,1.10398,1.10414,1.10395,1.10408
2024-09-10 05:30:00,1.10408,1.10415,1.10397,1.10414
2024-09-10 05:45:00,1.10414,1.10428,1.10394,1.10397
2024-09-10 06:00:00,1.10398,1.1042,1.10338,1.10353
2024-09-10 06:15:00,1.10353,1.1039,1.10351,1.10387
2024-09-10 06:30:00,1.10386,1.10435,1.10382,1.10405
2024-09-10 06:45:00,1.10404,1.10499,1.10402,1.10498
2024-09-10 07:00:00,1.10496,1.10496,1.10414,1.10424
2024-09-10 07:15:00,1.10424,1.10453,1.10412,1.10419
2024-09-10 07:30:00,1.10418,1.10445,1.10389,1.10434
2024-09-10 07:45:00,1.10434,1.10441,1.1037,1.10372
2024-09-10 08:00:00,1.10372,1.10399,1.10351,1.10394
2024-09-10 08:15:00,1.10395,1.10402,1.10352,1.10365
2024-09-10 08:30:00,1.10366,1.10381,1.10338,1.1038
2024-09-10 08:45:00,1.10381,1.10386,1.10353,1.1038
2024-09-10 09:00:00,1.1038,1.10388,1.10326,1.10344
2024-09-10 09:15:00,1.10344,1.10384,1.10338,1.1038
2024-09-10 09:30:00,1.1038,1.10424,1.10367,1.10404
2024-09-10 09:45:00,1.10405,1.10424,1.10372,1.10386
2024-09-10 10:00:00,1.10386,1.1042,1.10378,1.10379
2024-09-10 10:15:00,1.10378,1.104,1.10361,1.10376
2024-09-10 10:30:00,1.10375,1.10375,1.1034,1.10358
2024-09-10 10:45:00,1.10358,1.1041,1.10358,1.10405
2024-09-10 11:00:00,1.10407,1.1044,1.10388,1.10392
2024-09-10 11:15:00,1.10391,1.10394,1.1035,1.10357
2024-09-10 11:30:00,1.10356,1.10358,1.10305,1.10314
2024-09-10 11:45:00,1.10315,1.1032,1.10267,1.10314
2024-09-10 12:00:00,1.10314,1.1034,1.10279,1.1034
2024-09-10 12:15:00,1.10341,1.1037,1.10281,1.10284
2024-09-10 12:30:00,1.10283,1.10344,1.10268,1.10298
2024-09-10 12:45:00,1.10299,1.1032,1.10267,1.103
2024-09-10 13:00:00,1.103,1.10349,1.1028,1.1032
2024-09-10 13:15:00,1.1032,1.10349,1.10304,1.10346
2024-09-10 13:30:00,1.10345,1.10345,1.10274,1.10299
2024-09-10 13:45:00,1.10299,1.1032,1.10175,1.10197
2024-09-10 14:00:00,1.10197,1.1023,1.10172,1.10213
2024-09-10 14:15:00,1.10212,1.10236,1.10203,1.10227
2024-09-10 14:30:00,1.10227,1.10227,1.10163,1.10174
2024-09-10 14:45:00,1.10174,1.10204,1.10153,1.10187
2024-09-10 15:00:00,1.10188,1.10236,1.10175,1.10224
2024-09-10 15:15:00,1.10224,1.10262,1.10219,1.10254
2024-09-10 15:30:00,1.10253,1.10269,1.102,1.10225
2024-09-10 15:45:00,1.10224,1.10275,1.10217,1.10252
2024-09-10 16:00:00,1.10251,1.10275,1.10227,1.10248
2024-09-10 16:15:00,1.10246,1.10269,1.10238,1.10263
2024-09-10 16:30:00,1.10261,1.1029,1.10249,1.10286
2024-09-10 16:45:00,1.10285,1.10288,1.1026,1.10268
2024-09-10 17:00:00,1.1026,1.1028,1.10228,1.10228
2024-09-10 17:15:00,1.10228,1.10251,1.10228,1.10247
2024-09-10 17:30:00,1.10248,1.10272,1.10239,1.10252
2024-09-10 17:45:00,1.10251,1.10266,1.1023,1.10232
2024-09-10 18:00:00,1.10231,1.1026,1.10207,1.10248
2024-09-10 18:15:00,1.10248,1.10271,1.10245,1.10266
2024-09-10 18:30:00,1.10267,1.10272,1.10253,1.10264
2024-09-10 18:45:00,1.10265,1.10266,1.10235,1.10246
2024-09-10 19:00:00,1.10246,1.10273,1.10224,1.10264
2024-09-10 19:15:00,1.10264,1.10273,1.1025,1.10259
2024-09-10 19:30:00,1.10258,1.10258,1.10235,1.10255
2024-09-10 19:45:00,1.10255,1.10278,1.10252,1.1027
2024-09-10 20:00:00,1.1027,1.10271,1.10243,1.10247
2024-09-10 20:15:00,1.10246,1.1025,1.10231,1.10235
2024-09-10 20:30:00,1.10234,1.10241,1.10228,1.10229
2024-09-10 20:45:00,1.10228,1.10228,1.10184,1.10194
2024-09-10 21:00:00,1.10192,1.10197,1.10192,1.10194
2024-09-10 21:15:00,1.10193,1.10196,1.10193,1.10196
2024-09-10 21:30:00,1.10196,1.10197,1.10195,1.10195
2024-09-10 21:45:00,1.10195,1.10196,1.10189,1.10194
2024-09-10 22:00:00,1.10192,1.10218,1.10191,1.10212
2024-09-10 22:15:00,1.10213,1.10218,1.10204,1.10209
2024-09-10 22:30:00,1.1021,1.10212,1.10203,1.1021
2024-09-10 22:45:00,1.10211,1.10214,1.10198,1.102
2024-09-10 23:00:00,1.102,1.10224,1.10197,1.10223
2024-09-10 23:15:00,1.10224,1.1024,1.10224,1.10226
2024-09-10 23:30:00,1.10226,1.10227,1.10202,1.10202
2024-09-10 23:45:00,1.10202,1.10215,1.10196,1.10205
2024-09-11 00:00:00,1.10204,1.10222,1.10182,1.10194
2024-09-11 00:15:00,1.10194,1.10211,1.1017,1.10202
2024-09-11 00:30:00,1.10202,1.10219,1.10194,1.10218
2024-09-11 00:45:00,1.10217,1.10229,1.10198,1.10202
2024-09-11 01:00:00,1.10202,1.10205,1.10184,1.10194
2024-09-11 01:15:00,1.10193,1.10276,1.10188,1.10274
2024-09-11 01:30:00,1.10274,1.10402,1.10274,1.1036
2024-09-11 01:45:00,1.1036,1.10396,1.10353,1.10368
2024-09-11 02:00:00,1.10369,1.10446,1.10368,1.10421
2024-09-11 02:15:00,1.1042,1.10432,1.10392,1.10404
2024-09-11 02:30:00,1.10403,1.10408,1.10341,1.10353
2024-09-11 02:45:00,1.10353,1.10358,1.1033,1.10333
2024-09-11 03:00:00,1.10332,1.10374,1.10318,1.10374
2024-09-11 03:15:00,1.10375,1.10396,1.10372,1.1039
2024-09-11 03:30:00,1.1039,1.10427,1.10388,1.10399
2024-09-11 03:45:00,1.10398,1.10401,1.10382,1.10388
2024-09-11 04:00:00,1.10387,1.10417,1.10382,1.10405
2024-09-11 04:15:00,1.10404,1.10445,1.10402,1.10429
2024-09-11 04:30:00,1.1043,1.10471,1.10424,1.10464
2024-09-11 04:45:00,1.10464,1.10471,1.10455,1.10467
2024-09-11 05:00:00,1.10468,1.1048,1.10463,1.1048
2024-09-11 05:15:00,1.1048,1.10516,1.10475,1.10505
2024-09-11 05:30:00,1.10504,1.1051,1.10463,1.10464
2024-09-11 05:45:00,1.10464,1.10469,1.10428,1.1044
2024-09-11 06:00:00,1.10439,1.10492,1.10417,1.10484
2024-09-11 06:15:00,1.10484,1.10491,1.10435,1.10439
2024-09-11 06:30:00,1.10438,1.10458,1.10422,1.10424
2024-09-11 06:45:00,1.10424,1.10461,1.10409,1.10454
2024-09-11 07:00:00,1.10453,1.10503,1.10414,1.10444
2024-09-11 07:15:00,1.10443,1.10507,1.10436,1.10498
2024-09-11 07:30:00,1.10498,1.1052,1.10438,1.10446
2024-09-11 07:45:00,1.10445,1.10458,1.10405,1.10412
2024-09-11 08:00:00,1.10413,1.10468,1.10368,1.10453
2024-09-11 08:15:00,1.10452,1.10456,1.10416,1.10449
2024-09-11 08:30:00,1.1045,1.1048,1.10436,1.10475
2024-09-11 08:45:00,1.10473,1.1048,1.10438,1.1044
2024-09-11 09:00:00,1.10439,1.10469,1.1042,1.1046
2024-09-11 09:15:00,1.10459,1.10491,1.10436,1.10436
2024-09-11 09:30:00,1.10437,1.10484,1.10427,1.10453
2024-09-11 09:45:00,1.10452,1.10466,1.10422,1.10422
2024-09-11 10:00:00,1.10422,1.10425,1.10388,1.10418
2024-09-11 10:15:00,1.10417,1.10465,1.1041,1.10442
2024-09-11 10:30:00,1.10442,1.10479,1.10432,1.10445
2024-09-11 10:45:00,1.10444,1.1049,1.10434,1.10489
2024-09-11 11:00:00,1.10488,1.10532,1.10488,1.10499
2024-09-11 11:15:00,1.10499,1.10549,1.10491,1.10524
2024-09-11 11:30:00,1.10526,1.10528,1.10481,1.10485
2024-09-11 11:45:00,1.10485,1.10512,1.10428,1.10436
2024-09-11 12:00:00,1.10436,1.10438,1.10399,1.10423
2024-09-11 12:15:00,1.10424,1.1049,1.1041,1.10438
2024-09-11 12:30:00,1.10438,1.10438,1.1007,1.10089
2024-09-11 12:45:00,1.1009,1.10219,1.10035,1.10164
2024-09-11 13:00:00,1.10165,1.1026,1.10128,1.10245
2024-09-11 13:15:00,1.10246,1.10263,1.10158,1.1016
2024-09-11 13:30:00,1.1016,1.10216,1.10134,1.10202
2024-09-11 13:45:00,1.10202,1.10206,1.10098,1.1013
2024-09-11 14:00:00,1.1013,1.1014,1.10058,1.10125
2024-09-11 14:15:00,1.10126,1.10154,1.10048,1.10085
2024-09-11 14:30:00,1.10086,1.10092,1.10022,1.10046
2024-09-11 14:45:00,1.10046,1.10115,1.10022,1.10104
2024-09-11 15:00:00,1.10104,1.10171,1.10078,1.10166
2024-09-11 15:15:00,1.10165,1.10166,1.10098,1.10138
2024-09-11 15:30:00,1.10138,1.10158,1.10112,1.10134
2024-09-11 15:45:00,1.10135,1.10155,1.10105,1.10122
2024-09-11 16:00:00,1.10122,1.10178,1.101,1.1016
2024-09-11 16:15:00,1.10159,1.10176,1.10118,1.10124
2024-09-11 16:30:00,1.10124,1.1016,1.10103,1.1016
2024-09-11 16:45:00,1.1016,1.1017,1.10132,1.1016
2024-09-11 17:00:00,1.1016,1.10205,1.10155,1.1018
2024-09-11 17:15:00,1.10179,1.10208,1.10158,1.10164
2024-09-11 17:30:00,1.10165,1.10192,1.10152,1.10179
2024-09-11 17:45:00,1.10178,1.1021,1.10174,1.10187
2024-09-11 18:00:00,1.10188,1.10214,1.10183,1.10202
2024-09-11 18:15:00,1.10202,1.1021,1.1019,1.10202
2024-09-11 18:30:00,1.10202,1.10228,1.1019,1.10223
2024-09-11 18:45:00,1.10224,1.10224,1.10181,1.10184
2024-09-11 19:00:00,1.10182,1.10234,1.1018,1.10232
2024-09-11 19:15:00,1.10233,1.10266,1.10227,1.10245
2024-09-11 19:30:00,1.10246,1.10246,1.1016,1.10174
2024-09-11 19:45:00,1.10174,1.10201,1.10164,1.10176
2024-09-11 20:00:00,1.10176,1.10182,1.10155,1.10159
2024-09-11 20:15:00,1.10158,1.10166,1.10145,1.10155
2024-09-11 20:30:00,1.10154,1.10161,1.10146,1.10148
2024-09-11 20:45:00,1.10148,1.10152,1.10112,1.10114
2024-09-11 21:00:00,1.10142,1.10146,1.10138,1.10138
2024-09-11 21:15:00,1.10138,1.10142,1.10131,1.10135
2024-09-11 21:30:00,1.10136,1.10143,1.10133,1.10138
2024-09-11 21:45:00,1.10139,1.10142,1.10128,1.10132
2024-09-11 22:00:00,1.10131,1.10154,1.10126,1.10147
2024-09-11 22:15:00,1.10148,1.10148,1.10128,1.10129
2024-09-11 22:30:00,1.10128,1.1013,1.10119,1.10119
2024-09-11 22:45:00,1.10119,1.10132,1.10114,1.10124
2024-09-11 23:00:00,1.10124,1.10132,1.10114,1.10115
2024-09-11 23:15:00,1.10114,1.10123,1.10109,1.10109
2024-09-11 23:30:00,1.10111,1.10128,1.10108,1.10118
2024-09-11 23:45:00,1.10118,1.10124,1.10104,1.10105
2024-09-12 00:00:00,1.10104,1.1012,1.10093,1.10096
2024-09-12 00:15:00,1.10095,1.10098,1.10073,1.10084
2024-09-12 00:30:00,1.10085,1.1009,1.10072,1.10079
2024-09-12 00:45:00,1.10079,1.10091,1.10061,1.10069
2024-09-12 01:00:00,1.10069,1.10104,1.10066,1.10094
2024-09-12 01:15:00,1.10093,1.10103,1.10084,1.10094
2024-09-12 01:30:00,1.10094,1.10128,1.10089,1.10125
2024-09-12 01:45:00,1.10125,1.1013,1.1011,1.10114
2024-09-12 02:00:00,1.10114,1.10119,1.10078,1.10082
2024-09-12 02:15:00,1.10084,1.10107,1.10081,1.10105
2024-09-12 02:30:00,1.10105,1.10119,1.10105,1.10118
2024-09-12 02:45:00,1.10117,1.10125,1.10094,1.10099
2024-09-12 03:00:00,1.101,1.10128,1.10099,1.10119
2024-09-12 03:15:00,1.10119,1.10139,1.10116,1.10135
2024-09-12 03:30:00,1.10134,1.10139,1.10126,1.10128
2024-09-12 03:45:00,1.10129,1.10143,1.10128,1.10138
2024-09-12 04:00:00,1.10139,1.10156,1.10138,1.10153
2024-09-12 04:15:00,1.10154,1.10165,1.10149,1.1016
2024-09-12 04:30:00,1.1016,1.1016,1.10146,1.10158
2024-09-12 04:45:00,1.10158,1.1017,1.10157,1.10164
2024-09-12 05:00:00,1.10164,1.10171,1.10153,1.1017
2024-09-12 05:15:00,1.1017,1.1017,1.10156,1.10168
2024-09-12 05:30:00,1.10168,1.10186,1.10166,1.10176
2024-09-12 05:45:00,1.10175,1.10221,1.10174,1.1022
2024-09-12 06:00:00,1.10218,1.10218,1.10175,1.10206
2024-09-12 06:15:00,1.10206,1.1024,1.10184,1.10187
2024-09-12 06:30:00,1.10186,1.10206,1.10174,1.10184
2024-09-12 06:45:00,1.10184,1.10185,1.10078,1.10082
2024-09-12 07:00:00,1.10083,1.1012,1.10067,1.10104
2024-09-12 07:15:00,1.10103,1.1014,1.10061,1.10138
2024-09-12 07:30:00,1.10138,1.1016,1.10124,1.1013
2024-09-12 07:45:00,1.10129,1.10134,1.10075,1.1008
2024-09-12 08:00:00,1.10079,1.10114,1.10056,1.10105
2024-09-12 08:15:00,1.10105,1.10179,1.10066,1.10172
2024-09-12 08:30:00,1.10172,1.1022,1.10158,1.1021
2024-09-12 08:45:00,1.10212,1.10215,1.10141,1.10157
2024-09-12 09:00:00,1.10158,1.10196,1.10158,1.10194
2024-09-12 09:15:00,1.10195,1.10202,1.10164,1.10186
2024-09-12 09:30:00,1.10186,1.10202,1.10162,1.10173
2024-09-12 09:45:00,1.10172,1.10184,1.10128,1.10146
2024-09-12 10:00:00,1.10147,1.10189,1.10147,1.10188
2024-09-12 10:15:00,1.10189,1.102,1.10172,1.10186
2024-09-12 10:30:00,1.10186,1.10216,1.1017,1.10216
2024-09-12 10:45:00,1.10216,1.10236,1.10197,1.1022
2024-09-12 11:00:00,1.10219,1.1023,1.10187,1.10188
2024-09-12 11:15:00,1.10188,1.1021,1.10173,1.10195
2024-09-12 11:30:00,1.10195,1.10236,1.10174,1.10184
2024-09-12 11:45:00,1.10185,1.10188,1.1013,1.10138
2024-09-12 12:00:00,1.10139,1.10178,1.10102,1.10127
2024-09-12 12:15:00,1.10119,1.10266,1.10079,1.10212
2024-09-12 12:30:00,1.10209,1.10304,1.10115,1.10227
2024-09-12 12:45:00,1.10227,1.10327,1.10216,1.10252
2024-09-12 13:00:00,1.10252,1.1041,1.10248,1.10342
2024-09-12 13:15:00,1.10342,1.10398,1.10266,1.10396
2024-09-12 13:30:00,1.10396,1.10404,1.10299,1.10378
2024-09-12 13:45:00,1.1038,1.104,1.10354,1.10371
2024-09-12 14:00:00,1.1037,1.10382,1.10325,1.10356
2024-09-12 14:15:00,1.10357,1.104,1.10327,1.10369
2024-09-12 14:30:00,1.10368,1.10415,1.10299,1.10405
2024-09-12 14:45:00,1.10405,1.10473,1.10378,1.10401
2024-09-12 15:00:00,1.10402,1.10405,1.10362,1.10369
2024-09-12 15:15:00,1.1037,1.1037,1.10309,1.10345
2024-09-12 15:30:00,1.10344,1.10393,1.10336,1.10374
2024-09-12 15:45:00,1.10374,1.1043,1.10342,1.10402
2024-09-12 16:00:00,1.10402,1.1048,1.10402,1.10444
2024-09-12 16:15:00,1.10444,1.10481,1.10418,1.1042
2024-09-12 16:30:00,1.10419,1.10431,1.10372,1.10386
2024-09-12 16:45:00,1.10386,1.1048,1.1038,1.10462
2024-09-12 17:00:00,1.10463,1.1051,1.10448,1.10466
2024-09-12 17:15:00,1.10466,1.10487,1.10434,1.10465
2024-09-12 17:30:00,1.10466,1.10476,1.10427,1.10442
2024-09-12 17:45:00,1.10441,1.10569,1.10426,1.10565
2024-09-12 18:00:00,1.10566,1.10566,1.10514,1.10553
2024-09-12 18:15:00,1.10553,1.10615,1.10553,1.10604
2024-09-12 18:30:00,1.10603,1.10623,1.10582,1.1059
2024-09-12 18:45:00,1.1059,1.10625,1.10584,1.10609
2024-09-12 19:00:00,1.1061,1.1066,1.106,1.10646
2024-09-12 19:15:00,1.10645,1.1066,1.10636,1.10656
2024-09-12 19:30:00,1.10657,1.10719,1.10657,1.107
2024-09-12 19:45:00,1.107,1.10705,1.10669,1.10705
2024-09-12 20:00:00,1.10706,1.1072,1.10685,1.10717
2024-09-12 20:15:00,1.10718,1.10752,1.10712,1.10745
2024-09-12 20:30:00,1.10746,1.10749,1.10726,1.10748
2024-09-12 20:45:00,1.10748,1.10752,1.10729,1.10748
2024-09-12 21:00:00,1.1074,1.1074,1.10731,1.10735
2024-09-12 21:15:00,1.10735,1.10735,1.10724,1.10733
2024-09-12 21:30:00,1.10734,1.10738,1.10733,1.10737
2024-09-12 21:45:00,1.10736,1.10744,1.10734,1.1074
2024-09-12 22:00:00,1.10743,1.10756,1.10724,1.10732
2024-09-12 22:15:00,1.10731,1.10732,1.10705,1.10714
2024-09-12 22:30:00,1.10713,1.10744,1.10712,1.1074
2024-09-12 22:45:00,1.10742,1.10742,1.1072,1.1072
2024-09-12 23:00:00,1.10719,1.10758,1.10718,1.10752
2024-09-12 23:15:00,1.10753,1.10761,1.10744,1.10754
2024-09-12 23:30:00,1.10753,1.10758,1.10738,1.10755
2024-09-12 23:45:00,1.10756,1.10793,1.10755,1.10791
2024-09-13 00:00:00,1.10788,1.10832,1.10778,1.10826
2024-09-13 00:15:00,1.10826,1.10845,1.10818,1.10828
2024-09-13 00:30:00,1.10828,1.10866,1.10805,1.10861
2024-09-13 00:45:00,1.10862,1.10875,1.10843,1.10872
2024-09-13 01:00:00,1.10874,1.1089,1.10866,1.10871
2024-09-13 01:15:00,1.1087,1.10885,1.10841,1.10849
2024-09-13 01:30:00,1.1085,1.1086,1.10816,1.10819
2024-09-13 01:45:00,1.1082,1.10822,1.10805,1.10818
2024-09-13 02:00:00,1.10818,1.10884,1.10795,1.10881
2024-09-13 02:15:00,1.10882,1.109,1.10873,1.10889
2024-09-13 02:30:00,1.10888,1.10894,1.10858,1.1086
2024-09-13 02:45:00,1.1086,1.10887,1.10855,1.1087
2024-09-13 03:00:00,1.1087,1.1087,1.10843,1.10865
2024-09-13 03:15:00,1.10864,1.10889,1.10843,1.10886
2024-09-13 03:30:00,1.10886,1.10903,1.10862,1.10865
2024-09-13 03:45:00,1.10865,1.10875,1.10856,1.10871
2024-09-13 04:00:00,1.10871,1.10882,1.10862,1.10867
2024-09-13 04:15:00,1.10868,1.10872,1.10862,1.10862
2024-09-13 04:30:00,1.10863,1.10885,1.10853,1.10854
2024-09-13 04:45:00,1.10854,1.10869,1.10842,1.10846
2024-09-13 05:00:00,1.10846,1.10848,1.10828,1.10828
2024-09-13 05:15:00,1.10829,1.10848,1.10823,1.10835
2024-09-13 05:30:00,1.10836,1.10865,1.10832,1.10856
2024-09-13 05:45:00,1.10856,1.10856,1.10817,1.10827
2024-09-13 06:00:00,1.10828,1.10848,1.10802,1.10802
2024-09-13 06:15:00,1.10803,1.10809,1.10752,1.10761
2024-09-13 06:30:00,1.10762,1.1079,1.10747,1.10778
2024-09-13 06:45:00,1.10776,1.10797,1.10748,1.1079
2024-09-13 07:00:00,1.1079,1.10799,1.10745,1.1075
2024-09-13 07:15:00,1.1075,1.10822,1.10732,1.10816
2024-09-13 07:30:00,1.10816,1.10874,1.10812,1.10871
2024-09-13 07:45:00,1.1087,1.10944,1.10845,1.10925
2024-09-13 08:00:00,1.10926,1.10934,1.10902,1.10913
2024-09-13 08:15:00,1.10912,1.10935,1.10879,1.109
2024-09-13 08:30:00,1.109,1.10925,1.10861,1.10865
2024-09-13 08:45:00,1.10865,1.10941,1.10865,1.10929
2024-09-13 09:00:00,1.1093,1.10945,1.10884,1.10909
2024-09-13 09:15:00,1.10908,1.10968,1.10886,1.1095
2024-09-13 09:30:00,1.10951,1.11004,1.10934,1.10995
2024-09-13 09:45:00,1.10995,1.1101,1.10913,1.1092
2024-09-13 10:00:00,1.1092,1.10934,1.10882,1.10905
2024-09-13 10:15:00,1.10906,1.10927,1.10891,1.10926
2024-09-13 10:30:00,1.10926,1.10975,1.10894,1.10968
2024-09-13 10:45:00,1.10968,1.10968,1.10869,1.10905
2024-09-13 11:00:00,1.10908,1.10932,1.10881,1.10912
2024-09-13 11:15:00,1.10911,1.10912,1.1087,1.10876
2024-09-13 11:30:00,1.10875,1.10894,1.10825,1.10836
2024-09-13 11:45:00,1.10836,1.10855,1.10814,1.10844
2024-09-13 12:00:00,1.10845,1.10854,1.10793,1.10848
2024-09-13 12:15:00,1.10849,1.10886,1.10832,1.10842
2024-09-13 12:30:00,1.10842,1.10899,1.10808,1.10869
2024-09-13 12:45:00,1.1087,1.10935,1.1083,1.1093
2024-09-13 13:00:00,1.10931,1.1102,1.10924,1.10994
2024-09-13 13:15:00,1.10995,1.10998,1.10919,1.10934
2024-09-13 13:30:00,1.10935,1.10963,1.1091,1.10914
2024-09-13 13:45:00,1.10916,1.10957,1.1088,1.10948
2024-09-13 14:00:00,1.10948,1.10956,1.10859,1.10906
2024-09-13 14:15:00,1.10905,1.10942,1.10872,1.10909
2024-09-13 14:30:00,1.10909,1.10944,1.1088,1.10931
2024-09-13 14:45:00,1.10932,1.10934,1.10845,1.1089
2024-09-13 15:00:00,1.10891,1.1092,1.10856,1.10868
2024-09-13 15:15:00,1.10869,1.10902,1.10838,1.10876
2024-09-13 15:30:00,1.10876,1.10881,1.10826,1.10832
2024-09-13 15:45:00,1.10832,1.10866,1.10822,1.10846
2024-09-13 16:00:00,1.10846,1.10851,1.10788,1.10816
2024-09-13 16:15:00,1.10816,1.10836,1.10787,1.10823
2024-09-13 16:30:00,1.10824,1.10826,1.1077,1.10775
2024-09-13 16:45:00,1.10775,1.1084,1.10772,1.1084
2024-09-13 17:00:00,1.1084,1.1086,1.10816,1.10831
2024-09-13 17:15:00,1.1083,1.1085,1.10821,1.10835
2024-09-13 17:30:00,1.10836,1.10843,1.1081,1.10821
2024-09-13 17:45:00,1.1082,1.10828,1.10804,1.10817
2024-09-13 18:00:00,1.10817,1.10836,1.10807,1.10834
2024-09-13 18:15:00,1.10834,1.10848,1.10818,1.10837
2024-09-13 18:30:00,1.10838,1.10838,1.10804,1.10814
2024-09-13 18:45:00,1.10813,1.10816,1.10768,1.10782
2024-09-13 19:00:00,1.10781,1.10784,1.10762,1.10783
2024-09-13 19:15:00,1.10782,1.10815,1.10782,1.10803
2024-09-13 19:30:00,1.10802,1.10804,1.10775,1.10776
2024-09-13 19:45:00,1.10775,1.10783,1.10766,1.1078
2024-09-13 20:00:00,1.1078,1.10784,1.10763,1.10764
2024-09-13 20:15:00,1.10764,1.10774,1.10745,1.10752
2024-09-13 20:30:00,1.10752,1.10759,1.10734,1.10734
2024-09-13 20:45:00,1.10734,1.10749,1.10729,1.10746
2024-09-13 21:15:00,1.10783,1.1079,1.10767,1.1077
2024-09-13 21:30:00,1.10771,1.10791,1.10762,1.10764
2024-09-13 21:45:00,1.10765,1.108,1.1076,1.1078
2024-09-15 22:00:00,1.10788,1.10826,1.10774,1.1081
2024-09-15 22:15:00,1.10811,1.10863,1.10808,1.10861
2024-09-15 22:30:00,1.10862,1.10871,1.10854,1.10866
2024-09-15 22:45:00,1.10869,1.10876,1.10855,1.10869
2024-09-15 23:00:00,1.10871,1.10872,1.10851,1.10857
2024-09-15 23:15:00,1.10856,1.1088,1.10856,1.10872
2024-09-15 23:30:00,1.10872,1.10896,1.10871,1.10892
2024-09-15 23:45:00,1.10892,1.10894,1.10874,1.10875
2024-09-16 00:00:00,1.10874,1.10905,1.10871,1.10894
2024-09-16 00:15:00,1.10894,1.10916,1.10894,1.1091
2024-09-16 00:30:00,1.1091,1.10924,1.10905,1.10913
2024-09-16 00:45:00,1.10912,1.10925,1.10896,1.10896
2024-09-16 01:00:00,1.10896,1.10915,1.1088,1.10902
2024-09-16 01:15:00,1.10901,1.10925,1.10895,1.10921
2024-09-16 01:30:00,1.10922,1.10928,1.1089,1.1089
2024-09-16 01:45:00,1.10891,1.10898,1.10876,1.1088
2024-09-16 02:00:00,1.1088,1.10894,1.10871,1.10872
2024-09-16 02:15:00,1.10873,1.10891,1.10869,1.10881
2024-09-16 02:30:00,1.10882,1.10892,1.1087,1.1089
2024-09-16 02:45:00,1.1089,1.10912,1.10887,1.10892
2024-09-16 03:00:00,1.10892,1.10906,1.10881,1.109
2024-09-16 03:15:00,1.109,1.1098,1.10899,1.10971
2024-09-16 03:30:00,1.10972,1.11002,1.10971,1.10998
2024-09-16 03:45:00,1.10998,1.11049,1.10992,1.11042
2024-09-16 04:00:00,1.11042,1.11049,1.11022,1.11046
2024-09-16 04:15:00,1.11046,1.11049,1.11004,1.1101
2024-09-16 04:30:00,1.1101,1.1101,1.10978,1.1098
2024-09-16 04:45:00,1.10981,1.10989,1.1097,1.10973
2024-09-16 05:00:00,1.1097,1.10994,1.10963,1.10964
2024-09-16 05:15:00,1.10966,1.10976,1.10965,1.10973
2024-09-16 05:30:00,1.10972,1.10973,1.10958,1.10971
2024-09-16 05:45:00,1.10972,1.10997,1.10972,1.10984
2024-09-16 06:00:00,1.10984,1.11018,1.10977,1.10993
2024-09-16 06:15:00,1.10992,1.11046,1.10982,1.11024
2024-09-16 06:30:00,1.11025,1.11097,1.1102,1.11077
2024-09-16 06:45:00,1.11078,1.1116,1.11069,1.11147
2024-09-16 07:00:00,1.11148,1.11148,1.11098,1.11117
2024-09-16 07:15:00,1.11118,1.1113,1.11097,1.11107
2024-09-16 07:30:00,1.11106,1.11199,1.11106,1.11187
2024-09-16 07:45:00,1.11188,1.112,1.11135,1.11151
2024-09-16 08:00:00,1.1115,1.11192,1.1114,1.11188
2024-09-16 08:15:00,1.11188,1.11233,1.11184,1.11228
2024-09-16 08:30:00,1.11227,1.11233,1.11195,1.11217
2024-09-16 08:45:00,1.11217,1.11263,1.112,1.11229
2024-09-16 09:00:00,1.1123,1.11293,1.11196,1.1128
2024-09-16 09:15:00,1.11281,1.1129,1.11256,1.11281
2024-09-16 09:30:00,1.11282,1.11295,1.11215,1.11222
2024-09-16 09:45:00,1.11223,1.11236,1.11182,1.11207
2024-09-16 10:00:00,1.11206,1.11258,1.11204,1.11244
2024-09-16 10:15:00,1.11244,1.11279,1.11243,1.11268
2024-09-16 10:30:00,1.11268,1.11284,1.1121,1.1121
2024-09-16 10:45:00,1.1121,1.11234,1.11202,1.11221
2024-09-16 11:00:00,1.11222,1.11259,1.11196,1.11198
2024-09-16 11:15:00,1.11199,1.11215,1.11161,1.11207
2024-09-16 11:30:00,1.11208,1.11256,1.11203,1.11236
2024-09-16 11:45:00,1.11236,1.11242,1.11233,1.11239
2024-09-16 12:00:00,1.11271,1.11287,1.11232,1.11265
2024-09-16 12:15:00,1.11266,1.11301,1.11238,1.11297
2024-09-16 12:30:00,1.11298,1.11328,1.11166,1.11202
2024-09-16 12:45:00,1.11202,1.11254,1.112,1.1125
2024-09-16 13:00:00,1.11251,1.11271,1.11235,1.11266
2024-09-16 13:15:00,1.11265,1.11316,1.11244,1.11308
2024-09-16 13:30:00,1.11307,1.11378,1.11302,1.11324
2024-09-16 13:45:00,1.11323,1.11324,1.11266,1.11296
2024-09-16 14:00:00,1.11296,1.11301,1.11206,1.11248
2024-09-16 14:15:00,1.11249,1.11286,1.11246,1.11279
2024-09-16 14:30:00,1.11279,1.11308,1.11189,1.11196
2024-09-16 14:45:00,1.11196,1.11252,1.11182,1.11239
2024-09-16 15:00:00,1.11238,1.11239,1.11192,1.11217
2024-09-16 15:15:00,1.11218,1.11246,1.11205,1.11232
2024-09-16 15:30:00,1.11232,1.1124,1.11168,1.11205
2024-09-16 15:45:00,1.11204,1.11228,1.11172,1.11227
2024-09-16 16:00:00,1.11227,1.11269,1.11211,1.11212
2024-09-16 16:15:00,1.11212,1.11246,1.11196,1.11242
2024-09-16 16:30:00,1.11244,1.11281,1.1124,1.1128
2024-09-16 16:45:00,1.1128,1.11302,1.11261,1.1129
2024-09-16 17:00:00,1.11291,1.11301,1.1124,1.1124
2024-09-16 17:15:00,1.11241,1.11258,1.1121,1.11224
2024-09-16 17:30:00,1.11222,1.11226,1.11163,1.11201
2024-09-16 17:45:00,1.11202,1.1124,1.11182,1.11234
2024-09-16 18:00:00,1.11236,1.11245,1.11205,1.11208
2024-09-16 18:15:00,1.1121,1.11237,1.11201,1.11232
2024-09-16 18:30:00,1.11232,1.11246,1.11223,1.11224
2024-09-16 18:45:00,1.11222,1.1123,1.11198,1.1121
2024-09-16 19:00:00,1.1121,1.11226,1.11194,1.11194
2024-09-16 19:15:00,1.11195,1.11232,1.11188,1.11217
2024-09-16 19:30:00,1.11218,1.11268,1.11214,1.1126
2024-09-16 19:45:00,1.1126,1.11299,1.11258,1.11291
2024-09-16 20:00:00,1.1129,1.11304,1.11281,1.11295
2024-09-16 20:15:00,1.11295,1.11304,1.11287,1.11299
2024-09-16 20:30:00,1.11298,1.11332,1.11296,1.11329
2024-09-16 20:45:00,1.11329,1.11336,1.11324,1.11329
2024-09-16 21:00:00,1.11329,1.1133,1.11318,1.11318
2024-09-16 21:15:00,1.11318,1.11322,1.11315,1.11319
2024-09-16 21:30:00,1.1132,1.11327,1.11315,1.11321
2024-09-16 21:45:00,1.1132,1.11322,1.11314,1.11315
2024-09-16 22:00:00,1.11318,1.11319,1.11281,1.11296
2024-09-16 22:15:00,1.11297,1.11299,1.11283,1.11289
2024-09-16 22:30:00,1.11289,1.11291,1.11278,1.11284
2024-09-16 22:45:00,1.11283,1.11289,1.1127,1.11275
2024-09-16 23:00:00,1.11275,1.11286,1.11249,1.11249
2024-09-16 23:15:00,1.1125,1.1127,1.11235,1.11269
2024-09-16 23:30:00,1.11269,1.11288,1.11267,1.11286
2024-09-16 23:45:00,1.11285,1.11301,1.1128,1.11294
2024-09-17 00:00:00,1.11294,1.11314,1.11284,1.11294
2024-09-17 00:15:00,1.11295,1.113,1.1126,1.11275
2024-09-17 00:30:00,1.11275,1.11294,1.11246,1.11246
2024-09-17 00:45:00,1.11245,1.11245,1.1122,1.11231
2024-09-17 01:00:00,1.1123,1.11244,1.11228,1.11235
2024-09-17 01:15:00,1.11242,1.11254,1.11237,1.11237
2024-09-17 01:30:00,1.11238,1.11277,1.11237,1.11269
2024-09-17 01:45:00,1.1127,1.11295,1.11256,1.1128
2024-09-17 02:00:00,1.11279,1.11294,1.11272,1.11284
2024-09-17 02:15:00,1.11285,1.11292,1.1125,1.11289
2024-09-17 02:30:00,1.1129,1.11296,1.1128,1.1129
2024-09-17 02:45:00,1.1129,1.11299,1.11272,1.11273
2024-09-17 03:00:00,1.11272,1.11275,1.11236,1.11262
2024-09-17 03:15:00,1.11262,1.11286,1.11261,1.11267
2024-09-17 03:30:00,1.11266,1.1127,1.1124,1.11246
2024-09-17 03:45:00,1.11246,1.11255,1.11228,1.1124
2024-09-17 04:00:00,1.1124,1.11245,1.11224,1.11229
2024-09-17 04:15:00,1.11228,1.11235,1.11218,1.11234
2024-09-17 04:30:00,1.11234,1.11243,1.11228,1.1124
2024-09-17 04:45:00,1.1124,1.11247,1.1123,1.11246
2024-09-17 05:00:00,1.11245,1.1125,1.11222,1.11232
2024-09-17 05:15:00,1.11233,1.1126,1.1123,1.11258
2024-09-17 05:30:00,1.11258,1.1129,1.11255,1.11282
2024-09-17 05:45:00,1.11283,1.11284,1.11254,1.11269
2024-09-17 06:00:00,1.11269,1.11313,1.11258,1.11308
2024-09-17 06:15:00,1.11308,1.1131,1.1127,1.11301
2024-09-17 06:30:00,1.11301,1.11335,1.11292,1.11311
2024-09-17 06:45:00,1.11311,1.1132,1.1121,1.1121
2024-09-17 07:00:00,1.11211,1.1123,1.11159,1.11172
2024-09-17 07:15:00,1.11173,1.11255,1.11162,1.1124
2024-09-17 07:30:00,1.11241,1.1136,1.11241,1.1136
2024-09-17 07:45:00,1.11359,1.1138,1.11314,1.11364
2024-09-17 08:00:00,1.11363,1.11371,1.11332,1.11358
2024-09-17 08:15:00,1.11358,1.11369,1.11333,1.11339
2024-09-17 08:30:00,1.1134,1.11401,1.11338,1.11392
2024-09-17 08:45:00,1.11393,1.11465,1.11374,1.11448
2024-09-17 09:00:00,1.11449,1.1145,1.11371,1.114
2024-09-17 09:15:00,1.11398,1.11402,1.11378,1.11396
2024-09-17 09:30:00,1.11398,1.11401,1.11348,1.11358
2024-09-17 09:45:00,1.11358,1.11384,1.11348,1.11382
2024-09-17 10:00:00,1.11382,1.114,1.11377,1.11384
2024-09-17 10:15:00,1.11383,1.11383,1.1134,1.11365
2024-09-17 10:30:00,1.11366,1.11383,1.11318,1.11343
2024-09-17 10:45:00,1.11342,1.11358,1.11326,1.11344
2024-09-17 11:00:00,1.11344,1.11352,1.11304,1.11322
2024-09-17 11:15:00,1.11322,1.11355,1.11314,1.11344
2024-09-17 11:30:00,1.11345,1.1138,1.1134,1.11378
2024-09-17 11:45:00,1.11377,1.1143,1.1137,1.11386
2024-09-17 12:00:00,1.11388,1.1142,1.11375,1.1139
2024-09-17 12:15:00,1.11391,1.114,1.1132,1.1134
2024-09-17 12:30:00,1.1134,1.1144,1.11203,1.1124
2024-09-17 12:45:00,1.1124,1.11267,1.1118,1.1125
2024-09-17 13:00:00,1.1125,1.11279,1.11153,1.1126
2024-09-17 13:15:00,1.11259,1.11274,1.11192,1.11196
2024-09-17 13:30:00,1.11196,1.11218,1.11152,1.11211
2024-09-17 13:45:00,1.1121,1.11226,1.11119,1.11132
2024-09-17 14:00:00,1.11132,1.11268,1.11132,1.11266
2024-09-17 14:15:00,1.11267,1.11284,1.11218,1.11244
2024-09-17 14:30:00,1.11242,1.11274,1.11222,1.11237
2024-09-17 14:45:00,1.11236,1.1128,1.11202,1.11247
2024-09-17 15:00:00,1.11248,1.11264,1.11164,1.11198
2024-09-17 15:15:00,1.11198,1.1123,1.11158,1.11198
2024-09-17 15:30:00,1.11198,1.11228,1.11163,1.11173
2024-09-17 15:45:00,1.11173,1.11202,1.11154,1.11175
2024-09-17 16:00:00,1.11175,1.11209,1.11165,1.11195
2024-09-17 16:15:00,1.11196,1.11196,1.11152,1.11178
2024-09-17 16:30:00,1.11179,1.11218,1.11164,1.112
2024-09-17 16:45:00,1.112,1.1121,1.11185,1.11196
2024-09-17 17:00:00,1.11196,1.11211,1.1111,1.11148
2024-09-17 17:15:00,1.11147,1.11179,1.11145,1.11162
2024-09-17 17:30:00,1.11161,1.11162,1.11115,1.11131
2024-09-17 17:45:00,1.1113,1.11169,1.11122,1.11164
2024-09-17 18:00:00,1.11163,1.11191,1.11156,1.1118
2024-09-17 18:15:00,1.1118,1.11188,1.1116,1.11174
2024-09-17 18:30:00,1.11173,1.11212,1.11168,1.11212
2024-09-17 18:45:00,1.11212,1.11227,1.11205,1.11224
2024-09-17 19:00:00,1.11225,1.11236,1.11197,1.11207
2024-09-17 19:15:00,1.11216,1.11218,1.1118,1.11182
2024-09-17 19:30:00,1.11181,1.11188,1.11151,1.11163
2024-09-17 19:45:00,1.11163,1.11167,1.1115,1.11158
2024-09-17 20:00:00,1.11159,1.11168,1.11153,1.11165
2024-09-17 20:15:00,1.11165,1.1117,1.11154,1.11156
2024-09-17 20:30:00,1.11157,1.11165,1.11134,1.11138
2024-09-17 20:45:00,1.11138,1.11144,1.11127,1.11134
2024-09-17 21:00:00,1.1115,1.1117,1.11137,1.11155
2024-09-17 21:15:00,1.11152,1.11158,1.11148,1.11156
2024-09-17 21:30:00,1.11154,1.11157,1.11149,1.1115
2024-09-17 21:45:00,1.11151,1.11154,1.11143,1.11143
2024-09-17 22:00:00,1.11144,1.11154,1.11139,1.11153
2024-09-17 22:15:00,1.11152,1.11164,1.11148,1.11161
2024-09-17 22:30:00,1.11162,1.11179,1.11161,1.11178
2024-09-17 22:45:00,1.11178,1.11188,1.11174,1.11182
2024-09-17 23:00:00,1.11183,1.11196,1.11182,1.11196
2024-09-17 23:15:00,1.11195,1.11224,1.11195,1.11224
2024-09-17 23:30:00,1.11222,1.11238,1.1122,1.11238
2024-09-17 23:45:00,1.11238,1.1124,1.11222,1.11222
